id;address;fullname;www
1;"";Dom Development S.A.;""
2;"";Arche Sp. z o.o.;""
3;"";ATAL S.A.;""
4;"";Grupo Lar;""
5;"";ASBUD Group;""
6;"";OKAM SP. Z O.O.;""
7;"";APM Development;""
8;"";Green House Development;""
9;"";Belvedere Nieruchomości Sp. Z o.o.;""
10;"";PPHU Corpores Sp. z o.o.;""
11;"";Echo Investment S.A.;""
12;"";GREENWOOD I Sp. Z o.o.;""
13;"";Ronson Development Sp. z o.o.;""
14;"";LC Corp S.A.;""
15;"";Marvipol Development;""
16;"";Grupa Inwest;""
17;"";Murapol S.A.;""
18;"";Robyg S.A.;""
19;"";SG Property Sp. z o.o. Sp. k.;""
20;"";Okam Capital Sp. z o.o.;""
21;"";Mill-Yon Sp. z o.o.;""
22;"";Europejskie Centrum Inwestycyjne ECI S.A.;""
23;"";NAPOLLO;""
24;"";Radius-Projekt;""
25;"";PROFBUD;""
26;"";ECO INVEST TANK Sp. z o.o.;""
27;"";YIT Development Sp. z o.o.;""
28;"";Dantex. Sp. z o.o.;""
29;"";TK Development;""
30;"";P.H.U. Partner;""
31;"";Skanska Residential Development Poland Sp. z o.o.;""
32;"";Yuniversal Podlaski Sp. z o.o.;""
33;"";Bouygues Immobilier Polska Sp. z o.o.;""
34;"";Vantage Development S.A.;""
35;"";Longbridge;""
36;"";Mota-Engil Real Estate Management Sp. z o.o.;""
37;"";Archicom S.A.;""
38;"";Wólczyńska Sp. z o.o.;""
39;"";Layetana Real Estate Polska Sp. z o.o.;""
40;"";Polski Holding Nieruchomości S.A.;""
41;"";Victoria Dom S.A.;""
42;"";Nexity Polska Sp. z o.o.;""
43;"";Cordia Polska;""
44;"";J.J. Investment Sp. z o.o.;""
45;"";NeoVillage;""
46;"";Neocity Polska;""
47;"";Miasteczko Wawer Sp. z o. o. Sp. k.;""
48;"";Polnord S.A.;""
49;"";Turret Development;""
50;"";Republika Wnętrz - Grupa;""
51;"";DewelopART;""
52;"";Yareal Polska Sp. z o. o.;""
53;"";PROFIT Development;""
54;"";JSR Investments Sp. z o.o.;""
55;"";Roneo Development;""
56;"";Mostostal S.A.;""
57;"";VIVA INVEST Sp. z o.o.;""
58;"";Inpro S.A.;""
59;"";Real Development Group;""
60;"";TEMAR Deweloper;""
61;"";Lipowa Art Sp. z o.o.;""
62;"";BARC Warszawa S.A.;""
63;"";Dor Group;""
64;"";LW Development Leszek Paczyński SKA;""
65;"";Pawia 73 ;""
66;"";NCInvestment;""
67;"";Jakon Sp. z o.o.;""
68;"";RSM Praga;""
69;"";ED invest S.A.;""
70;"";BBI Development S.A.;""
71;"";Firma Budowlana - Marek Antczak;""
72;"";Property Partner Investments;""
73;"";Rembertów Residence;""
74;"";SP Invest;""
75;"";J.W. Construction Holding S.A.;""
76;"";Rogowski Development;""
77;"";Popowice Development Sp. z o.o.;""
78;"";Lighthouse Development Sp z o.o. S.K.A.;""
79;"";Trzy Kolory Olchy;""
80;"";Konimpex-Invest;""
81;"";OKRE Development Sp. z o.o.;""
82;"";RED Real Estate Development Sp. z o.o.;""
83;"";Red Co.;""
84;"";Grupa Inwestycyjna Hossa S.A.;""
85;"";Moderna Holding;""
86;"";Acciona Nieruchomości Sp. z o.o.;""
87;"";Opus Investment Sp. z o.o. Sp. k.;""
88;"";Mazovia Development;""
89;"";Aneo Development;""
90;"";Ancona Development Sp. z o.o.;""
91;"";Grupa Jankowski Pulchny Górczak;""
92;"";AS Bud-Prof;""
93;"";Novdom Sp. z o.o.;""
94;"";Benedom Sp. z o. o.;""
95;"";Ampar Bis sp.j.;""
96;"";Tynkbud1 Sp. z o.o.;""
97;"";Walendów Park;""
98;"";Spółdzielnia Mieszkaniowa Wola;""
99;"";ARP Inwest;""
100;"";Ataner Sp. z o.o.;""
101;"";Terra Haus;""
102;"";MR SUB 19 Sp. z o. o.;""
103;"";Budnex;""
104;"";Nordic House Deweloper Sp. z o.o.;""
105;"";Ncs bud Sp. z o.o.;""
106;"";Pogodny Skwer Sp. z o.o. S.K;""
107;"";Akropol Inwestycje Sp. z o.o.;""
108;"";Poznań Kartuska sp. z o.o. sp. k.;""
109;"";Home Empire;""
110;"";Monday Development S.A.;""
111;"";ECO Classic Sp. z o.o.;""
112;"";Polservice Development;""
113;"";Euro Styl S.A.;""
114;"";Blockpol Developer Sp. z o.o.;""
115;"";i2 Development S.A.;""
116;"";CPM Development sp. z o.o.;""
117;"";Triada Dom Sp.j.;""
118;"";Rafin Sp. z o.o. - Sp.k.;""
119;"";MEG Developments Sp. z o.o.;""
120;"";Domax Oława Sp. z o.o. Sp.K.;""
121;"";Fortem S.A.;""
122;"";Quelle Locum Sp. z o.o.;""
123;"";DOM.developer Wrocław Sp. z o.o.;""
124;"";CTE S.A.;""
125;"";Sanbet Development;""
126;"";Wawel Service Sp. z o.o.;""
127;"";SDG Invest Sp. z o.o.;""
128;"";6B47 Poland;""
129;"";INTER-ES Deweloper;""
130;"";Cracovia Property;""
131;"";Casa Feliz A sp. z o.o.;""
132;"";HSD Inwestycje;""
133;"";INTER-BUD Developer Sp. z o.o. sp.k.;""
134;"";Grupa Proins;""
135;"";WAKO;""
136;"";Grupa Orion Investment S.A.;""
137;"";Myśliwska 66 Sp. z o.o. Sp. K.;""
138;"";Bryksy;""
139;"";Convector Development Spółka z o.o.;""
144;"";CP RE sp. z o.o.;""
147;"";Super Krak S.A.;""
148;"";Dom-Bud M. Szaflarski Sp. j.;""
151;"";Invest Komfort Spółka Akcyjna Sp.K. ;""
155;"";Agencja Inwestycyjna Sp. z o.o.;""
157;"";PRO-NORD 2 sp. z o.o. sp. k. ;""
159;"";Proxin Ogrody Sp. z o.o.;""
160;"";Stylhut Sp. z o.o. ;""
161;"";Tree Development Group Sp. z o.o.;""
162;"";House Invest;""
164;"";Budlex Sp. z o.o.;""
140;"";BAL-BUD Investment;""
141;"";Eko-Park S.A.;""
142;"";Nokturn Deweloper;""
143;"";Grupa Matejek;""
145;"";Risto Deweloper;""
146;"";Słomnicka 4 Sp. z o.o. Sp. k. ;""
149;"";White Stone Development Sp.z o.o.;""
150;"";Portico Marina Sp. z o.o. i Wspólnicy Sp. k.;""
152;"";Sowińskiego 72 Sp. z o.o.;""
153;"";Ornament Szczecin Sp. z o.o.;""
154;""; Marina Iława Apartamenty;""
156;"";MASTERM;""
158;"";Graz Deweloper;""
163;"";CORBIS Sp. z o.o.;""
165;"";Przedsiębiorstwo Usługowo Handlowe LEM-BUD Sp. z o.o. ;""
166;"";Folwark Deweloper Sp. z o.o.;""
167;"";RUTKOWSKI DEVELOPMENT Sp. J.;""
168;"";Jaz Bud Sp. z o.o.;""
169;"";PPUH Kombinat Budowlany Sp. z o.o.;""
170;"";Nexx Sp. z o.o. Sp. k.;""
171;"";P.B.O. Trojan Sp. z o.o.;""
172;"";Renner Sp. z o.o.;""
173;"";Warmia Investment Sp. z o.o.;""
174;"";Dom Ełcki Morusiewicz;""
175;"";KRAKOIN;""
176;"";Xenakis Development Sp. z o. o. sp. k.;""
177;"";Grupa Nieruchomości Kraków;""
178;"";Developer Piotr Basiewicz;""
179;"";Semeko Grupa Inwestycyjna S.A.;""
180;"";TJ Development Sp. z o.o. sp. k.;""
181;"";Sharin Estate Sp. z o.o.;""
182;"";Samson-Dom;""
183;"";Konstans K. Król;""
184;"";Ryńscy Development Sp.j.;""
185;"";Modern Development sp. z o.o.;""
186;"";Home Invest Sp. z o.o.;""
187;"";Inkom S.A.;""
188;"";Ziółkowski S.C;""
189;"";RT Deweloper Sp. z o.o.;""
190;"";Probitas Invest;""
191;"";Rembud Development;""
192;"";Dan-Bud Sp. z o.o.;""
193;"";Matexi Polska Sp. z o.o.;""
194;"";Przedsiębiorstwo Budowlane Start Sp. J.;""
195;"";Kasbud Development Sp. z o.o.;""
196;"";Imperial Stawowa Residence;""
197;"";Budowlana Oziębło Sp. k.;""
198;"";Brwinów Platinum Park MBD Sp. z o.o. Sp. K.;""
199;"";ZABIELNY INVEST Zbigniew Zabielny;""
200;"";Spółka Mieszkaniowa Salwator Sp. z o.o.;""
201;"";VG Capital;""
202;"";TOWER INVESTMENTS S.A.;""
203;"";FRANCZEWSKA NIERUCHOMOŚCI S.C.;""
204;"";Firma Budowlano-Handlowo-Usługowa Modehpolmo Sp. z o.o.;""
205;"";Lepiko Developer Sp. z o.o.;""
206;"";JBM Development;""
207;"";Budomal Estate Sp. z o.o. Sp. k.;""
208;"";Budomal Estate Sp. z o.o. Sp. k.;""
209;"";Getmar;""
210;"";PEIRA HELIŃSKIEGO Sp. z.o.o. Sp.K.;""
211;"";HSD Inwestycje Plus;""
212;"";New City Development;""
213;"";Zagnańska 84 - Nowa Inwestycja Spółka z o.o. Sp. k.;""
214;"";SGI Spółka Akcyjna;""
215;"";Edomus Deweloper;""
216;"";Hegra Deweloper;""
217;"";INTERBUD-LUBLIN S.A.;""
218;"";Tim Development Sp. z o.o.;""
219;"";N.G. DEVELOPMENT Sp. z o.o. Sp. k.;""
220;"";HARTBEX Przedsiębiorstwo Budowlane Sp. z o.o.;""
221;"";Pro-Inwest Sp. z o.o.;""
222;"";Wawel Development;""
223;"";Wikana S.A.;""
224;"";Activ Investment Sp. z o.o.;""
225;"";Spółdzielnia Mieszkaniowa Śnieżka;""
226;"";Dekpol S.A.;""
227;"";Bartla Development Sp. z o. o.;""
228;"";Krak Estate Sp.zo.o - Łokietka sp. K.;""
229;"";Novisa Development Sp. z  o.o. Sp. J.;""
230;"";Centrum Nowoczesnych Technologii S.A. Sp. k.;""
231;"";Opal Maksimum;""
232;"";Sento S.A.;""
233;"";DDS Development Sp. z o.o. 2 Sp. k.;""
234;"";Hanza Grupa Inwestycyjna Sp. z o.o.;""
235;"";Rehouse Development sp. z o.o. S.K.;""
236;"";GC Deweloper Sp. z o. o. Sp. k.;""
237;"";VILLA DEVELOPMENT  V.D. Management Sp. z o.o. Sp. k.;""
238;"";Architecture Vento;""
239;ul. Brzozowa 12, 05-827 Grodzisk Maz.;P.P.U.H. GLIF;www.glif.com.pl
240;"";Rezydencja Wołoska Sp. z o.o. Sp. k.;""
241;"";Kompania Domowa Sp. z o.o.;""
242;"";APP Mieszkania;""
243;"";GrupaHELLO;""
244;"";El Invest;""
245;"";Wrzesińska Grupa Inwestycyjna Plus;""
246;"";OPG Property Professionals;""
247;"";IMS Budownictwo;""
248;"";Łokietka Dom Sp. z o.o. Sp.K.;""
249;"";Unimax Development;""
250;"";Unidevelopment S.A.;""
251;"";Arbet Investment Group sp. z o.o. ;""
252;"";Semaco;""
253;"";Vastbouw Polska Sp. z o.o.;""
254;"";FOX INVEST 3 sp. z o.o.;""
255;"";WPB Wrocław Sp. z o.o.;""
256;"";Henniger Investment S.A.;""
257;"";FLUDRA Development;""
258;"";Spółdzielnia Mieszkaniowa SŁONECZNA;""
259;"";Pekabex Development;""
260;"";Adatex Sp. z o.o.;""
261;"";PPUIH Agrobex Sp. z o.o.;""
262;"";Forpoz Sp. z o.o. Sp. K.;""
263;"";Budimex Nieruchomości Sp. z o.o.;""
264;"";UWI Inwestycje S.A.;""
265;"";Arkada Invest Development Sp. z o.o.;""
266;"";Nickel Development;""
267;"";Inwestycje Wielkopolski Sp. z o.o. sp. k.;""
268;"";Dom-Eko;""
269;"";PCG Sp. z o.o.;""
270;"";Arkop Deweloper;""
271;"";Duda Development S.A.;""
272;"";MAK DOM SP Z O O;""
273;"";LUK Sp. z o.o.;""
274;"";Neptun Developer sp. z o.o.;""
275;"";MWM Development Sp. z o.o. i Wspólnicy Sp.k. ;""
276;"";Horizon Real Estate Sp. z o.o.;""
277;"";Wojt Bud Sp. z o.o.;""
278;"";Eko-Invest Sp. z o.o.;""
279;"";CEM-MIX;""
280;"";Marbud Domy i Mieszkania;""
281;"";WAN S.A.;""
282;"";Syrena Invest Sp. z o.o.;""
283;"";Esembla Group Sp. j.;""
284;"";KG Group Sp. z o.o.;""
285;ul. Hawelańska 9/41 61-625 Poznań;GGW Development;""
286;"";Hossanova Sp. z o.o. Sp.K.;""
287;"";Grupa Developer Lublin;""
288;"";FUH Adam Prajwocki;""
289;"";NK Polska Development;""
290;"";Harpor Invest Sp. z o.o. Sp. k.;""
291;"";Polski Deweloper Sp. z o.o. Sp. k.;""
292;"";Fargo Systembau Sp. z o.o.;""
293;"";Marka Development Sp. z o.o.;""
294;"";Dekpol S.A.;""
295;"";CALBUD Sp. z o.o.;""
296;"";Capital Towers MGroup Development;""
297;"";Novum Developer;""
298;"";Toscom Development Sp. z o.o.;""
299;"";Grupa Rogala Sp. z o.o.;""
300;"";IDS DEVELOPMENT Sp. z o.o.;""
301;"";CRH Żagiel Dom Sp. z o.o.;""
302;"";Villadom Sp. z o.o.;""
303;"";Dynamic Development Sp. z o.o.;""
304;"";Epol Estate Sp. z o.o.;""
305;"";Szafirowa Sp. z o.o. Sp.K.;""
306;"";Paweł Mleko PM-Development;""
307;"";K-Investhome;""
308;"";RS Development Sp. z o.o. Sp.k.;""
309;"";Hines Polska;""
310;"";Next House;""
311;"";Perfekt - Dom Zdzisław Brążkiewicz i Leszek Wałdowski Sp. z o.o.;""
312;"";Rajbud development Sp. z o.o.;""
313;"";W.W. Investment Wiśniewscy S.J.;""
314;"";ECO MILAN Sp. z o.o.;""
315;"";Tętnowski Development;""
316;"";Milart Sp. z o.o.;""
317;"";Polservice Development Spółka z o.o.;""
318;"";Scandi Home Sp. z o.o.;""
319;"";JHM DEVELOPMENT S.A.;""
320;"";Wilanów Tulip sp. z o.o.;""
321;"";EBEJOT INWESTYCJE sp. z o.o.;""
322;"";JRJ DEVELOPMENT SP. Z O.O. SP.K.;""
323;"";Salwirak Sp. z o.o.;""
324;"";Centrum Zana Holding Sp. z o.o.;""
325;"";Nest House Invest Sp. z o.o.;""
326;"";Structur Concept Sp. z o.o.;""
327;"";Krak Estates;""
328;"";Invest Pel Sp. z o.o. Sp. K.;""
329;"";Trimeko Sp. z o.o.;""
330;"";Budrem Kraków;""
331;"";Core Development;""
332;"";City Villa sp. z o.o.;""
333;"";Ebest;""
334;"";Property Value Investments;""
335;"";Rogowska Sp. z o.o.;""
336;"";Lokum Deweloper S.A.;""
337;"";Bloxo Development Sp. z o.o.;""
338;"";M3 Invest Sp. z o.o.;""
339;"";AWZ Deweloper;""
340;"";Trico Sp. z o.o.;""
341;"";AR Group Sp.J.;""
342;"";Powązka Marek Firma Budowlano-Deweloperska;""
343;"";IR2 Sp. z o.o.;""
344;"";Royal Investment Sp. z o.o. Sp.k. ;""
345;"";Acatom Sp. z o.o. Sp.k.;""
346;"";PHU Dariusz Mróz;""
347;"";Żywiecka Inwestycja Sp. z o.o. Sp. K.;""
348;"";PBiOT Fronton Sp. z o.o.;""
349;"";Tomaszewicz Development Sp. z o.o.;""
350;"";ADMA Development Sp. z o.o. Sp. k.;""
351;"";Ama-Bud Sp. z o.o.;""
352;"";WPBM Mój Dom S.A.;""
353;"";PB Domesta Sp. z o.o.;""
354;"";Pegas Nieruchomości Sp. z o.o.;""
355;"";Urbaniak Inwestycje;""
356;"";Invest Sarko Sp. z o.o.;""
357;"";Hryniewicki Deweloper;""
358;"";Tocton Sp. z o.o. Sp. k.;""
359;"";Agencja Inwestycyjna - Gorzów Sp. z o.o.;""
360;"";Apartland Sp. z o.o. Sp. k.;""
361;"";Geo Grupa Deweloperska;""
362;"";EBB Nieruchomości Sp. z o.o.;""
363;"";Yuva Development Sp. z o.o.;""
364;"";Excon S.A.;""
365;"";Move-In Sp. z o.o.;""
366;"";Dach Bud Sp. z o.o.;""
367;"";Gryf Development Sp. z o.o. Sp. k.;""
368;"";EBF DEVELOPMENT Sp. z o.o. Sp.K.;""
369;"";Allcon Investment Sp. z o.o.;""
370;"";Borowego sp. z o. o. sp. k.;""
371;"";MAAN DEVELOPMENT Sp. z o.o.;""
372;"";BS Deweloper;""
373;"";Sol - Art Sp. z o.o.;""
374;"";Dombud S.A.;""
375;"";CDI Konsultanci Budowlani Sp. z o.o.;""
376;"";Get Home Developer Sp. z o.o. Sp. k.;""
377;"";Tal Co. Management;""
378;"";Grupa Buma;""
379;"";Shellter;""
380;"";Hamernia Invest Sp. z o.o.;""
381;"";DevelopRes Sp. z o.o.;""
382;"";3cityINVEST Sp. z o.o.;""
383;"";GF Factory Group;""
384;"";Szklane Tarasy;""
385;"";Valido Group;""
386;"";Valido Group Sp. z o.o.;""
387;"";Pure Development;""
388;"";Constructa Plus Sp. z o.o. Sp. K.;""
389;"";PWD Deweloper Sp. z o.o.;""
390;"";Yard Development Sp. z o.o.;""
391;"";Novaform Polska Sp. z o.o.;""
392;;TDJ Estate Sp. z o.o.;
393;;JM Inwestycje;
394;;Color House Development Sp. z o. o.;
395;;AT Inwest Sp. z o.o. Sp. K.;
396;;GN Group;
397;;Hvile Park Sp. z o.o.;
398;;BPI Real Estate Poland;
399;;Willa Developer Sp. z o.o.;
400;;Racasta Investments Sp. z o.o.;
401;;Osiedle Rodzinne Sp. z o.o.;
402;;Quadro Development;
403;;Gala Deweloper Sp. z o.o. Sp.k.;
404;;Frax-Bud Developer Sp.  o.o.;
405;;EbudDom;
406;;Metropolis Investments;
407;"";BUD-RIM Development;""
408;"";Kalter Nieruchomości Sp. z o.o.;http://www.kalternieruchomosci.pl/
409;"";Polskie Projekty Inwestycyjne Sp. z o.o. S.K.A.;""
410;"";PWA Projekt;https://www.pwaprojekt.pl/
411;"";MPM Development Sp. z o.o. ;https://www.mpm-development.pl/
413;"";Soft Elektronik Sp. z o.o.;""
414;"";AZ BUDOWNICTWO INWESTYCJE Sp. z o. o. SKA;http://azbudownictwo.com/
415;"";Przedsiębiorstwo Budowlane Chałupka;http://pbchalupka.pl/
416;"";AninBudHD Sp. z o.o. Sp. k.;""
417;ul. Poznańska 41, 62-400 Słupca;Wechta Inwestycje Sp. z o.o.;http://www.wechta.pl/
418;"";Marina Developer Sp. z o.o.;""
419;"";SJM Apartments Sp. z o.o. ;""
420;"";FHU TOP SC MROZOWSCY;""
421;"";Peira;""
422;"";FK Deweloper;""
423;""; KS Development Sp. z o.o.;""
424;"";JAWA - BUD;""
425;"";KB INWESTYCJE 2 Sp. z o.o.;""
426;"";Modern Living Development Sp. z o.o.;""
427;"";GOOD POINT Development;""
428;"";Invest Complex;""
429;"";Przedsiębiorstwo Budowlane Tombud ;""
430;"";SOHO Investments;""
431;"";Ogrody Wenus;""
432;"";Horeb S.A.;""
433;"";BMC Development;""
434;"";Wartico Invest;""
435;"";Budotex Sp. z o.o.;""
436;"";Asset Investment ;""
437;"";SEBTOM Deweloper;""
438;"";HLM Deweloper;""
439;"";MDM Sp. z o.o. Sp. k.;""
440;"";HS Nieruchomości Sp. z o.o.;""
441;"";KM Invest Sp. z o.o. Sp. k.;""
442;"";Awim Grupa Inwestycyjna;""
443;"";Budopol Sp. z o.o.;""
444;"";Wyspa Solna Sp. z o.o.;""
445;"";DEVSTEP Sp. z o.o.;""
446;"";Tedex Residence;""
447;"";Celtia Sp. z o.o.;""
448;"";Activa AP Sp. z o.o. Sp. k.;""
449;"";Timbud II Sp.z o.o. Sp. k.;""
450;"";Pekabud-Morasko Inwestycje Sp. z o.o.;""
451;"";Nowa Olszynka Sp z o.o.;""
452;"";NECON Deweloper;""
453;"";Emaus Development Sp. z o.o.;""
454;"";RG Budom;""
455;"";Prime Eco Life Experience;""
456;"";Elwoz Sp. z o.o.;""
457;"";Scheiner Nieruchomości;""
458;"";FUH Magnolia Ernest Młynarski;""
459;"";Dasta Invest Sp. z o.o.;""
460;"";MS Investments;""
461;"";Makurat Invest Sp. z o.o.;""
462;"";Domex Sp. z o.o.;""
463;"";Martin - Domy Pod Klucz;""
464;"";P.B. Stolmar sp.j.;""
465;"";CSI Development;""
466;"";Finch Lockerbie CE Sp. z o.o.;""
467;"";Buszrem S.A.;""
468;"";Kasiński Investment Sp. z o.o.;""
469;"";IR Development Sp. z o.o. Sp.k.;""
470;"";Emmerson Lumico Sp. z o.o.;""
471;"";Pomorskie Domy;""
472;"";HDK Invest Sp. z o.o.;""
473;"";ZIPIS;""
474;"";NCC Spec Bau Sp. z o.o.;""
475;"";VFM Real Estate;""
476;"";Volumetric  Polska Sp. z o.o.;""
477;"";Brochów Park Sp. z o.o. Sp. K.;""
478;"";GALADOM S.A.;""
479;"";Dom 100;""
480;"";Green View Sp. z o.o.;""
481;"";Pracownia Nieruchomości;""
482;"";Leonarda 8;""
483;"";JRS HOME;""
484;"";Studio Apartments Wólczańska 161 Sp. z o.o.;""
485;"";Golden Lion Development;""
