id;teryt_id;name;parent_id;type_id;extended_name
413;3201;Białogardzki;397;102;Zachodniopomorskie, powiat Białogardzki
414;3202;Choszczeński;397;102;Zachodniopomorskie, powiat Choszczeński
415;3203;Drawski;397;102;Zachodniopomorskie, powiat Drawski
416;3204;Goleniowski;397;102;Zachodniopomorskie, powiat Goleniowski
417;3205;Gryficki;397;102;Zachodniopomorskie, powiat Gryficki
418;3206;Gryfiński;397;102;Zachodniopomorskie, powiat Gryfiński
419;3207;Kamieński;397;102;Zachodniopomorskie, powiat Kamieński
420;3208;Kołobrzeski;397;102;Zachodniopomorskie, powiat Kołobrzeski
421;3209;Koszaliński;397;102;Zachodniopomorskie, powiat Koszaliński
422;3210;Myśliborski;397;102;Zachodniopomorskie, powiat Myśliborski
423;3211;Policki;397;102;Zachodniopomorskie, powiat Policki
424;3212;Pyrzycki;397;102;Zachodniopomorskie, powiat Pyrzycki
425;3213;Sławieński;397;102;Zachodniopomorskie, powiat Sławieński
426;3214;Stargardzki;397;102;Zachodniopomorskie, powiat Stargardzki
427;3215;Szczecinecki;397;102;Zachodniopomorskie, powiat Szczecinecki
428;3216;Świdwiński;397;102;Zachodniopomorskie, powiat Świdwiński
429;3217;Wałecki;397;102;Zachodniopomorskie, powiat Wałecki
430;3218;Łobeski;397;102;Zachodniopomorskie, powiat Łobeski
431;3261;Koszalin;397;102;Zachodniopomorskie, powiat Koszalin
432;3262;Szczecin;397;102;Zachodniopomorskie, powiat Szczecin
433;3263;Świnoujście;397;102;Zachodniopomorskie, powiat Świnoujście
434;0801;Gorzowski;398;102;Lubuskie, powiat Gorzowski
435;0802;Krośnieński;398;102;Lubuskie, powiat Krośnieński
436;0803;Międzyrzecki;398;102;Lubuskie, powiat Międzyrzecki
437;0804;Nowosolski;398;102;Lubuskie, powiat Nowosolski
438;0805;Słubicki;398;102;Lubuskie, powiat Słubicki
439;0806;Strzelecko-Drezdenecki;398;102;Lubuskie, powiat Strzelecko-Drezdenecki
440;0807;Sulęciński;398;102;Lubuskie, powiat Sulęciński
441;0808;Świebodziński;398;102;Lubuskie, powiat Świebodziński
442;0809;Zielonogórski;398;102;Lubuskie, powiat Zielonogórski
443;0810;Żagański;398;102;Lubuskie, powiat Żagański
444;0811;Żarski;398;102;Lubuskie, powiat Żarski
445;0812;Wschowski;398;102;Lubuskie, powiat Wschowski
446;0861;Gorzów Wielkopolski;398;102;Lubuskie, powiat Gorzów Wielkopolski
447;0862;Zielona Góra;398;102;Lubuskie, powiat Zielona Góra
448;1001;Bełchatowski;399;102;Łódzkie, powiat Bełchatowski
449;1002;Kutnowski;399;102;Łódzkie, powiat Kutnowski
450;1003;Łaski;399;102;Łódzkie, powiat Łaski
451;1004;Łęczycki;399;102;Łódzkie, powiat Łęczycki
452;1005;Łowicki;399;102;Łódzkie, powiat Łowicki
453;1006;Łódzki Wschodni;399;102;Łódzkie, powiat Łódzki Wschodni
454;1007;Opoczyński;399;102;Łódzkie, powiat Opoczyński
455;1008;Pabianicki;399;102;Łódzkie, powiat Pabianicki
456;1009;Pajęczański;399;102;Łódzkie, powiat Pajęczański
457;1010;Piotrkowski;399;102;Łódzkie, powiat Piotrkowski
458;1011;Poddębicki;399;102;Łódzkie, powiat Poddębicki
459;1012;Radomszczański;399;102;Łódzkie, powiat Radomszczański
460;1013;Rawski;399;102;Łódzkie, powiat Rawski
461;1014;Sieradzki;399;102;Łódzkie, powiat Sieradzki
462;1015;Skierniewicki;399;102;Łódzkie, powiat Skierniewicki
463;1016;Tomaszowski;399;102;Łódzkie, powiat Tomaszowski
464;1017;Wieluński;399;102;Łódzkie, powiat Wieluński
465;1018;Wieruszowski;399;102;Łódzkie, powiat Wieruszowski
466;1019;Zduńskowolski;399;102;Łódzkie, powiat Zduńskowolski
467;1020;Zgierski;399;102;Łódzkie, powiat Zgierski
468;1021;Brzeziński;399;102;Łódzkie, powiat Brzeziński
469;1061;Łódź;399;102;Łódzkie, powiat Łódź
470;1062;Piotrków Trybunalski;399;102;Łódzkie, powiat Piotrków Trybunalski
471;1063;Skierniewice;399;102;Łódzkie, powiat Skierniewice
472;2001;Augustowski;400;102;Podlaskie, powiat Augustowski
473;2002;Białostocki;400;102;Podlaskie, powiat Białostocki
474;2003;Bielski;400;102;Podlaskie, powiat Bielski
475;2004;Grajewski;400;102;Podlaskie, powiat Grajewski
476;2005;Hajnowski;400;102;Podlaskie, powiat Hajnowski
477;2006;Kolneński;400;102;Podlaskie, powiat Kolneński
478;2007;Łomżyński;400;102;Podlaskie, powiat Łomżyński
479;2008;Moniecki;400;102;Podlaskie, powiat Moniecki
480;2009;Sejneński;400;102;Podlaskie, powiat Sejneński
481;2010;Siemiatycki;400;102;Podlaskie, powiat Siemiatycki
482;2011;Sokólski;400;102;Podlaskie, powiat Sokólski
483;2012;Suwalski;400;102;Podlaskie, powiat Suwalski
484;2013;Wysokomazowiecki;400;102;Podlaskie, powiat Wysokomazowiecki
485;2014;Zambrowski;400;102;Podlaskie, powiat Zambrowski
486;2061;Białystok;400;102;Podlaskie, powiat Białystok
487;2062;Łomża;400;102;Podlaskie, powiat Łomża
398;08;Lubuskie;1780;101;Lubuskie
488;2063;Suwałki;400;102;Podlaskie, powiat Suwałki
489;2801;Bartoszycki;401;102;Warmińsko-Mazurskie, powiat Bartoszycki
490;2802;Braniewski;401;102;Warmińsko-Mazurskie, powiat Braniewski
491;2803;Działdowski;401;102;Warmińsko-Mazurskie, powiat Działdowski
492;2804;Elbląski;401;102;Warmińsko-Mazurskie, powiat Elbląski
493;2805;Ełcki;401;102;Warmińsko-Mazurskie, powiat Ełcki
494;2806;Giżycki;401;102;Warmińsko-Mazurskie, powiat Giżycki
495;2807;Iławski;401;102;Warmińsko-Mazurskie, powiat Iławski
496;2808;Kętrzyński;401;102;Warmińsko-Mazurskie, powiat Kętrzyński
497;2809;Lidzbarski;401;102;Warmińsko-Mazurskie, powiat Lidzbarski
498;2810;Mrągowski;401;102;Warmińsko-Mazurskie, powiat Mrągowski
499;2811;Nidzicki;401;102;Warmińsko-Mazurskie, powiat Nidzicki
500;2812;Nowomiejski;401;102;Warmińsko-Mazurskie, powiat Nowomiejski
501;2813;Olecki;401;102;Warmińsko-Mazurskie, powiat Olecki
502;2814;Olsztyński;401;102;Warmińsko-Mazurskie, powiat Olsztyński
503;2815;Ostródzki;401;102;Warmińsko-Mazurskie, powiat Ostródzki
504;2816;Piski;401;102;Warmińsko-Mazurskie, powiat Piski
505;2817;Szczycieński;401;102;Warmińsko-Mazurskie, powiat Szczycieński
506;2818;Gołdapski;401;102;Warmińsko-Mazurskie, powiat Gołdapski
507;2819;Węgorzewski;401;102;Warmińsko-Mazurskie, powiat Węgorzewski
508;2861;Elbląg;401;102;Warmińsko-Mazurskie, powiat Elbląg
509;2862;Olsztyn;401;102;Warmińsko-Mazurskie, powiat Olsztyn
510;1601;Brzeski;402;102;Opolskie, powiat Brzeski
511;1602;Głubczycki;402;102;Opolskie, powiat Głubczycki
512;1603;Kędzierzyńsko-Kozielski;402;102;Opolskie, powiat Kędzierzyńsko-Kozielski
513;1604;Kluczborski;402;102;Opolskie, powiat Kluczborski
514;1605;Krapkowicki;402;102;Opolskie, powiat Krapkowicki
515;1606;Namysłowski;402;102;Opolskie, powiat Namysłowski
516;1607;Nyski;402;102;Opolskie, powiat Nyski
517;1608;Oleski;402;102;Opolskie, powiat Oleski
518;1609;Opolski;402;102;Opolskie, powiat Opolski
519;1610;Prudnicki;402;102;Opolskie, powiat Prudnicki
520;1611;Strzelecki;402;102;Opolskie, powiat Strzelecki
521;1661;Opole;402;102;Opolskie, powiat Opole
522;0601;Bialski;403;102;Lubelskie, powiat Bialski
523;0602;Biłgorajski;403;102;Lubelskie, powiat Biłgorajski
524;0603;Chełmski;403;102;Lubelskie, powiat Chełmski
525;0604;Hrubieszowski;403;102;Lubelskie, powiat Hrubieszowski
526;0605;Janowski;403;102;Lubelskie, powiat Janowski
527;0606;Krasnostawski;403;102;Lubelskie, powiat Krasnostawski
528;0607;Kraśnicki;403;102;Lubelskie, powiat Kraśnicki
529;0608;Lubartowski;403;102;Lubelskie, powiat Lubartowski
530;0609;Lubelski;403;102;Lubelskie, powiat Lubelski
531;0610;Łęczyński;403;102;Lubelskie, powiat Łęczyński
532;0611;Łukowski;403;102;Lubelskie, powiat Łukowski
533;0612;Opolski;403;102;Lubelskie, powiat Opolski
534;0613;Parczewski;403;102;Lubelskie, powiat Parczewski
535;0614;Puławski;403;102;Lubelskie, powiat Puławski
536;0615;Radzyński;403;102;Lubelskie, powiat Radzyński
537;0616;Rycki;403;102;Lubelskie, powiat Rycki
538;0617;Świdnicki;403;102;Lubelskie, powiat Świdnicki
539;0618;Tomaszowski;403;102;Lubelskie, powiat Tomaszowski
540;0619;Włodawski;403;102;Lubelskie, powiat Włodawski
541;0620;Zamojski;403;102;Lubelskie, powiat Zamojski
542;0661;Biała Podlaska;403;102;Lubelskie, powiat Biała Podlaska
543;0662;Chełm;403;102;Lubelskie, powiat Chełm
544;0663;Lublin;403;102;Lubelskie, powiat Lublin
545;0664;Zamość;403;102;Lubelskie, powiat Zamość
546;0201;Bolesławiecki;404;102;Dolnośląskie, powiat Bolesławiecki
547;0202;Dzierżoniowski;404;102;Dolnośląskie, powiat Dzierżoniowski
548;0203;Głogowski;404;102;Dolnośląskie, powiat Głogowski
549;0204;Górowski;404;102;Dolnośląskie, powiat Górowski
550;0205;Jaworski;404;102;Dolnośląskie, powiat Jaworski
551;0206;Jeleniogórski;404;102;Dolnośląskie, powiat Jeleniogórski
552;0207;Kamiennogórski;404;102;Dolnośląskie, powiat Kamiennogórski
553;0208;Kłodzki;404;102;Dolnośląskie, powiat Kłodzki
554;0209;Legnicki;404;102;Dolnośląskie, powiat Legnicki
555;0210;Lubański;404;102;Dolnośląskie, powiat Lubański
556;0211;Lubiński;404;102;Dolnośląskie, powiat Lubiński
557;0212;Lwówecki;404;102;Dolnośląskie, powiat Lwówecki
558;0213;Milicki;404;102;Dolnośląskie, powiat Milicki
559;0214;Oleśnicki;404;102;Dolnośląskie, powiat Oleśnicki
560;0215;Oławski;404;102;Dolnośląskie, powiat Oławski
561;0216;Polkowicki;404;102;Dolnośląskie, powiat Polkowicki
562;0217;Strzeliński;404;102;Dolnośląskie, powiat Strzeliński
563;0218;Średzki;404;102;Dolnośląskie, powiat Średzki
564;0219;Świdnicki;404;102;Dolnośląskie, powiat Świdnicki
565;0220;Trzebnicki;404;102;Dolnośląskie, powiat Trzebnicki
566;0221;Wałbrzyski;404;102;Dolnośląskie, powiat Wałbrzyski
567;0222;Wołowski;404;102;Dolnośląskie, powiat Wołowski
568;0223;Wrocławski;404;102;Dolnośląskie, powiat Wrocławski
569;0224;Ząbkowicki;404;102;Dolnośląskie, powiat Ząbkowicki
570;0225;Zgorzelecki;404;102;Dolnośląskie, powiat Zgorzelecki
571;0226;Złotoryjski;404;102;Dolnośląskie, powiat Złotoryjski
572;0261;Jelenia Góra;404;102;Dolnośląskie, powiat Jelenia Góra
573;0262;Legnica;404;102;Dolnośląskie, powiat Legnica
574;0264;Wrocław;404;102;Dolnośląskie, powiat Wrocław
575;0265;Wałbrzych;404;102;Dolnośląskie, powiat Wałbrzych
576;2601;Buski;405;102;Świętokrzyskie, powiat Buski
577;2602;Jędrzejowski;405;102;Świętokrzyskie, powiat Jędrzejowski
578;2603;Kazimierski;405;102;Świętokrzyskie, powiat Kazimierski
579;2604;Kielecki;405;102;Świętokrzyskie, powiat Kielecki
580;2605;Konecki;405;102;Świętokrzyskie, powiat Konecki
581;2606;Opatowski;405;102;Świętokrzyskie, powiat Opatowski
582;2607;Ostrowiecki;405;102;Świętokrzyskie, powiat Ostrowiecki
583;2608;Pińczowski;405;102;Świętokrzyskie, powiat Pińczowski
584;2609;Sandomierski;405;102;Świętokrzyskie, powiat Sandomierski
585;2610;Skarżyski;405;102;Świętokrzyskie, powiat Skarżyski
586;2611;Starachowicki;405;102;Świętokrzyskie, powiat Starachowicki
587;2612;Staszowski;405;102;Świętokrzyskie, powiat Staszowski
588;2613;Włoszczowski;405;102;Świętokrzyskie, powiat Włoszczowski
589;2661;Kielce;405;102;Świętokrzyskie, powiat Kielce
590;1801;Bieszczadzki;406;102;Podkarpackie, powiat Bieszczadzki
591;1802;Brzozowski;406;102;Podkarpackie, powiat Brzozowski
592;1803;Dębicki;406;102;Podkarpackie, powiat Dębicki
593;1804;Jarosławski;406;102;Podkarpackie, powiat Jarosławski
594;1805;Jasielski;406;102;Podkarpackie, powiat Jasielski
595;1806;Kolbuszowski;406;102;Podkarpackie, powiat Kolbuszowski
596;1807;Krośnieński;406;102;Podkarpackie, powiat Krośnieński
597;1808;Leżajski;406;102;Podkarpackie, powiat Leżajski
598;1809;Lubaczowski;406;102;Podkarpackie, powiat Lubaczowski
599;1810;Łańcucki;406;102;Podkarpackie, powiat Łańcucki
600;1811;Mielecki;406;102;Podkarpackie, powiat Mielecki
601;1812;Niżański;406;102;Podkarpackie, powiat Niżański
602;1813;Przemyski;406;102;Podkarpackie, powiat Przemyski
603;1814;Przeworski;406;102;Podkarpackie, powiat Przeworski
604;1815;Ropczycko-Sędziszowski;406;102;Podkarpackie, powiat Ropczycko-Sędziszowski
605;1816;Rzeszowski;406;102;Podkarpackie, powiat Rzeszowski
606;1817;Sanocki;406;102;Podkarpackie, powiat Sanocki
607;1818;Stalowowolski;406;102;Podkarpackie, powiat Stalowowolski
608;1819;Strzyżowski;406;102;Podkarpackie, powiat Strzyżowski
609;1820;Tarnobrzeski;406;102;Podkarpackie, powiat Tarnobrzeski
610;1821;Leski;406;102;Podkarpackie, powiat Leski
611;1861;Krosno;406;102;Podkarpackie, powiat Krosno
612;1862;Przemyśl;406;102;Podkarpackie, powiat Przemyśl
613;1863;Rzeszów;406;102;Podkarpackie, powiat Rzeszów
614;1864;Tarnobrzeg;406;102;Podkarpackie, powiat Tarnobrzeg
615;3001;Chodzieski;407;102;Wielkopolskie, powiat Chodzieski
616;3002;Czarnkowsko-Trzcianecki;407;102;Wielkopolskie, powiat Czarnkowsko-Trzcianecki
617;3003;Gnieźnieński;407;102;Wielkopolskie, powiat Gnieźnieński
618;3004;Gostyński;407;102;Wielkopolskie, powiat Gostyński
619;3005;Grodziski;407;102;Wielkopolskie, powiat Grodziski
620;3006;Jarociński;407;102;Wielkopolskie, powiat Jarociński
621;3007;Kaliski;407;102;Wielkopolskie, powiat Kaliski
622;3008;Kępiński;407;102;Wielkopolskie, powiat Kępiński
623;3009;Kolski;407;102;Wielkopolskie, powiat Kolski
624;3010;Koniński;407;102;Wielkopolskie, powiat Koniński
625;3011;Kościański;407;102;Wielkopolskie, powiat Kościański
626;3012;Krotoszyński;407;102;Wielkopolskie, powiat Krotoszyński
627;3013;Leszczyński;407;102;Wielkopolskie, powiat Leszczyński
628;3014;Międzychodzki;407;102;Wielkopolskie, powiat Międzychodzki
629;3015;Nowotomyski;407;102;Wielkopolskie, powiat Nowotomyski
630;3016;Obornicki;407;102;Wielkopolskie, powiat Obornicki
631;3017;Ostrowski;407;102;Wielkopolskie, powiat Ostrowski
632;3018;Ostrzeszowski;407;102;Wielkopolskie, powiat Ostrzeszowski
633;3019;Pilski;407;102;Wielkopolskie, powiat Pilski
634;3020;Pleszewski;407;102;Wielkopolskie, powiat Pleszewski
635;3021;Poznański;407;102;Wielkopolskie, powiat Poznański
636;3022;Rawicki;407;102;Wielkopolskie, powiat Rawicki
637;3023;Słupecki;407;102;Wielkopolskie, powiat Słupecki
638;3024;Szamotulski;407;102;Wielkopolskie, powiat Szamotulski
639;3025;Średzki;407;102;Wielkopolskie, powiat Średzki
640;3026;Śremski;407;102;Wielkopolskie, powiat Śremski
641;3027;Turecki;407;102;Wielkopolskie, powiat Turecki
642;3028;Wągrowiecki;407;102;Wielkopolskie, powiat Wągrowiecki
643;3029;Wolsztyński;407;102;Wielkopolskie, powiat Wolsztyński
644;3030;Wrzesiński;407;102;Wielkopolskie, powiat Wrzesiński
645;3031;Złotowski;407;102;Wielkopolskie, powiat Złotowski
646;3061;Kalisz;407;102;Wielkopolskie, powiat Kalisz
647;3062;Konin;407;102;Wielkopolskie, powiat Konin
648;3063;Leszno;407;102;Wielkopolskie, powiat Leszno
649;3064;Poznań;407;102;Wielkopolskie, powiat Poznań
650;2401;Będziński;408;102;Śląskie, powiat Będziński
651;2402;Bielski;408;102;Śląskie, powiat Bielski
652;2403;Cieszyński;408;102;Śląskie, powiat Cieszyński
653;2404;Częstochowski;408;102;Śląskie, powiat Częstochowski
654;2405;Gliwicki;408;102;Śląskie, powiat Gliwicki
655;2406;Kłobucki;408;102;Śląskie, powiat Kłobucki
656;2407;Lubliniecki;408;102;Śląskie, powiat Lubliniecki
657;2408;Mikołowski;408;102;Śląskie, powiat Mikołowski
658;2409;Myszkowski;408;102;Śląskie, powiat Myszkowski
659;2410;Pszczyński;408;102;Śląskie, powiat Pszczyński
660;2411;Raciborski;408;102;Śląskie, powiat Raciborski
661;2412;Rybnicki;408;102;Śląskie, powiat Rybnicki
662;2413;Tarnogórski;408;102;Śląskie, powiat Tarnogórski
663;2414;Bieruńsko-Lędziński;408;102;Śląskie, powiat Bieruńsko-Lędziński
664;2415;Wodzisławski;408;102;Śląskie, powiat Wodzisławski
665;2416;Zawierciański;408;102;Śląskie, powiat Zawierciański
666;2417;Żywiecki;408;102;Śląskie, powiat Żywiecki
667;2461;Bielsko-Biała;408;102;Śląskie, powiat Bielsko-Biała
668;2462;Bytom;408;102;Śląskie, powiat Bytom
669;2463;Chorzów;408;102;Śląskie, powiat Chorzów
670;2464;Częstochowa;408;102;Śląskie, powiat Częstochowa
671;2465;Dąbrowa Górnicza;408;102;Śląskie, powiat Dąbrowa Górnicza
672;2466;Gliwice;408;102;Śląskie, powiat Gliwice
673;2467;Jastrzębie-Zdrój;408;102;Śląskie, powiat Jastrzębie-Zdrój
674;2468;Jaworzno;408;102;Śląskie, powiat Jaworzno
675;2469;Katowice;408;102;Śląskie, powiat Katowice
676;2470;Mysłowice;408;102;Śląskie, powiat Mysłowice
677;2471;Piekary Śląskie;408;102;Śląskie, powiat Piekary Śląskie
678;2472;Ruda Śląska;408;102;Śląskie, powiat Ruda Śląska
679;2473;Rybnik;408;102;Śląskie, powiat Rybnik
680;2474;Siemianowice Śląskie;408;102;Śląskie, powiat Siemianowice Śląskie
681;2475;Sosnowiec;408;102;Śląskie, powiat Sosnowiec
682;2476;Świętochłowice;408;102;Śląskie, powiat Świętochłowice
683;2477;Tychy;408;102;Śląskie, powiat Tychy
684;2478;Zabrze;408;102;Śląskie, powiat Zabrze
685;2479;Żory;408;102;Śląskie, powiat Żory
686;1401;Białobrzeski;409;102;Mazowieckie, powiat Białobrzeski
687;1402;Ciechanowski;409;102;Mazowieckie, powiat Ciechanowski
688;1403;Garwoliński;409;102;Mazowieckie, powiat Garwoliński
689;1404;Gostyniński;409;102;Mazowieckie, powiat Gostyniński
690;1405;Grodziski;409;102;Mazowieckie, powiat Grodziski
691;1406;Grójecki;409;102;Mazowieckie, powiat Grójecki
692;1407;Kozienicki;409;102;Mazowieckie, powiat Kozienicki
693;1408;Legionowski;409;102;Mazowieckie, powiat Legionowski
694;1409;Lipski;409;102;Mazowieckie, powiat Lipski
695;1410;Łosicki;409;102;Mazowieckie, powiat Łosicki
696;1411;Makowski;409;102;Mazowieckie, powiat Makowski
697;1412;Miński;409;102;Mazowieckie, powiat Miński
698;1413;Mławski;409;102;Mazowieckie, powiat Mławski
699;1414;Nowodworski;409;102;Mazowieckie, powiat Nowodworski
700;1415;Ostrołęcki;409;102;Mazowieckie, powiat Ostrołęcki
701;1416;Ostrowski;409;102;Mazowieckie, powiat Ostrowski
702;1417;Otwocki;409;102;Mazowieckie, powiat Otwocki
703;1418;Piaseczyński;409;102;Mazowieckie, powiat Piaseczyński
704;1419;Płocki;409;102;Mazowieckie, powiat Płocki
705;1420;Płoński;409;102;Mazowieckie, powiat Płoński
706;1421;Pruszkowski;409;102;Mazowieckie, powiat Pruszkowski
707;1422;Przasnyski;409;102;Mazowieckie, powiat Przasnyski
708;1423;Przysuski;409;102;Mazowieckie, powiat Przysuski
709;1424;Pułtuski;409;102;Mazowieckie, powiat Pułtuski
710;1425;Radomski;409;102;Mazowieckie, powiat Radomski
711;1426;Siedlecki;409;102;Mazowieckie, powiat Siedlecki
712;1427;Sierpecki;409;102;Mazowieckie, powiat Sierpecki
713;1428;Sochaczewski;409;102;Mazowieckie, powiat Sochaczewski
714;1429;Sokołowski;409;102;Mazowieckie, powiat Sokołowski
715;1430;Szydłowiecki;409;102;Mazowieckie, powiat Szydłowiecki
716;1432;Warszawski Zachodni;409;102;Mazowieckie, powiat Warszawski Zachodni
717;1433;Węgrowski;409;102;Mazowieckie, powiat Węgrowski
718;1434;Wołomiński;409;102;Mazowieckie, powiat Wołomiński
719;1435;Wyszkowski;409;102;Mazowieckie, powiat Wyszkowski
720;1436;Zwoleński;409;102;Mazowieckie, powiat Zwoleński
721;1437;Żuromiński;409;102;Mazowieckie, powiat Żuromiński
722;1438;Żyrardowski;409;102;Mazowieckie, powiat Żyrardowski
723;1461;Ostrołęka;409;102;Mazowieckie, powiat Ostrołęka
724;1462;Płock;409;102;Mazowieckie, powiat Płock
725;1463;Radom;409;102;Mazowieckie, powiat Radom
726;1464;Siedlce;409;102;Mazowieckie, powiat Siedlce
727;1465;Warszawa;409;102;Mazowieckie, powiat Warszawa
728;0401;Aleksandrowski;410;102;Kujawsko-Pomorskie, powiat Aleksandrowski
729;0402;Brodnicki;410;102;Kujawsko-Pomorskie, powiat Brodnicki
730;0403;Bydgoski;410;102;Kujawsko-Pomorskie, powiat Bydgoski
731;0404;Chełmiński;410;102;Kujawsko-Pomorskie, powiat Chełmiński
732;0405;Golubsko-Dobrzyński;410;102;Kujawsko-Pomorskie, powiat Golubsko-Dobrzyński
733;0406;Grudziądzki;410;102;Kujawsko-Pomorskie, powiat Grudziądzki
734;0407;Inowrocławski;410;102;Kujawsko-Pomorskie, powiat Inowrocławski
735;0408;Lipnowski;410;102;Kujawsko-Pomorskie, powiat Lipnowski
736;0409;Mogileński;410;102;Kujawsko-Pomorskie, powiat Mogileński
737;0410;Nakielski;410;102;Kujawsko-Pomorskie, powiat Nakielski
738;0411;Radziejowski;410;102;Kujawsko-Pomorskie, powiat Radziejowski
739;0412;Rypiński;410;102;Kujawsko-Pomorskie, powiat Rypiński
740;0413;Sępoleński;410;102;Kujawsko-Pomorskie, powiat Sępoleński
741;0414;Świecki;410;102;Kujawsko-Pomorskie, powiat Świecki
742;0415;Toruński;410;102;Kujawsko-Pomorskie, powiat Toruński
743;0416;Tucholski;410;102;Kujawsko-Pomorskie, powiat Tucholski
744;0417;Wąbrzeski;410;102;Kujawsko-Pomorskie, powiat Wąbrzeski
745;0418;Włocławski;410;102;Kujawsko-Pomorskie, powiat Włocławski
746;0419;Żniński;410;102;Kujawsko-Pomorskie, powiat Żniński
747;0461;Bydgoszcz;410;102;Kujawsko-Pomorskie, powiat Bydgoszcz
748;0462;Grudziądz;410;102;Kujawsko-Pomorskie, powiat Grudziądz
749;0463;Toruń;410;102;Kujawsko-Pomorskie, powiat Toruń
750;0464;Włocławek;410;102;Kujawsko-Pomorskie, powiat Włocławek
751;1201;Bocheński;411;102;Małopolskie, powiat Bocheński
752;1202;Brzeski;411;102;Małopolskie, powiat Brzeski
753;1203;Chrzanowski;411;102;Małopolskie, powiat Chrzanowski
754;1204;Dąbrowski;411;102;Małopolskie, powiat Dąbrowski
755;1205;Gorlicki;411;102;Małopolskie, powiat Gorlicki
756;1206;Krakowski;411;102;Małopolskie, powiat Krakowski
757;1207;Limanowski;411;102;Małopolskie, powiat Limanowski
758;1208;Miechowski;411;102;Małopolskie, powiat Miechowski
759;1209;Myślenicki;411;102;Małopolskie, powiat Myślenicki
760;1210;Nowosądecki;411;102;Małopolskie, powiat Nowosądecki
761;1211;Nowotarski;411;102;Małopolskie, powiat Nowotarski
762;1212;Olkuski;411;102;Małopolskie, powiat Olkuski
763;1213;Oświęcimski;411;102;Małopolskie, powiat Oświęcimski
764;1214;Proszowicki;411;102;Małopolskie, powiat Proszowicki
765;1215;Suski;411;102;Małopolskie, powiat Suski
766;1216;Tarnowski;411;102;Małopolskie, powiat Tarnowski
767;1217;Tatrzański;411;102;Małopolskie, powiat Tatrzański
768;1218;Wadowicki;411;102;Małopolskie, powiat Wadowicki
769;1219;Wielicki;411;102;Małopolskie, powiat Wielicki
770;1261;Kraków;411;102;Małopolskie, powiat Kraków
771;1262;Nowy Sącz;411;102;Małopolskie, powiat Nowy Sącz
772;1263;Tarnów;411;102;Małopolskie, powiat Tarnów
773;2201;Bytowski;412;102;Pomorskie, powiat Bytowski
774;2202;Chojnicki;412;102;Pomorskie, powiat Chojnicki
775;2203;Człuchowski;412;102;Pomorskie, powiat Człuchowski
776;2204;Gdański;412;102;Pomorskie, powiat Gdański
777;2205;Kartuski;412;102;Pomorskie, powiat Kartuski
778;2206;Kościerski;412;102;Pomorskie, powiat Kościerski
779;2207;Kwidzyński;412;102;Pomorskie, powiat Kwidzyński
780;2208;Lęborski;412;102;Pomorskie, powiat Lęborski
781;2209;Malborski;412;102;Pomorskie, powiat Malborski
782;2210;Nowodworski;412;102;Pomorskie, powiat Nowodworski
783;2211;Pucki;412;102;Pomorskie, powiat Pucki
784;2212;Słupski;412;102;Pomorskie, powiat Słupski
785;2213;Starogardzki;412;102;Pomorskie, powiat Starogardzki
786;2214;Tczewski;412;102;Pomorskie, powiat Tczewski
787;2215;Wejherowski;412;102;Pomorskie, powiat Wejherowski
788;2216;Sztumski;412;102;Pomorskie, powiat Sztumski
789;2261;Gdańsk;412;102;Pomorskie, powiat Gdańsk
790;2262;Gdynia;412;102;Pomorskie, powiat Gdynia
791;2263;Słupsk;412;102;Pomorskie, powiat Słupsk
792;2264;Sopot;412;102;Pomorskie, powiat Sopot
793;;Halinów;697;96;Mazowieckie, powiat Miński, Halinów
794;;Tarczyn;703;96;Mazowieckie, powiat Piaseczyński, Tarczyn
795;;Kleszczele;476;96;Podlaskie, powiat Hajnowski, Kleszczele
796;;Krynki;482;96;Podlaskie, powiat Sokólski, Krynki
797;;Michałowo;473;96;Podlaskie, powiat Białostocki, Michałowo
798;;Suchowola;482;96;Podlaskie, powiat Sokólski, Suchowola
799;;Tykocin;473;96;Podlaskie, powiat Białostocki, Tykocin
800;;Rejowiec;524;96;Lubelskie, powiat Chełmski, Rejowiec
801;;Siedliszcze;524;96;Lubelskie, powiat Chełmski, Siedliszcze
802;;Bieżuń;721;96;Mazowieckie, powiat Żuromiński, Bieżuń
803;;Glinojeck;687;96;Mazowieckie, powiat Ciechanowski, Glinojeck
804;;Czarna Woda;785;96;Pomorskie, powiat Starogardzki, Czarna Woda
805;;Lubniewice;440;96;Lubuskie, powiat Sulęciński, Lubniewice
806;;Olszyna;555;96;Dolnośląskie, powiat Lubański, Olszyna
807;;Chocz;634;96;Wielkopolskie, powiat Pleszewski, Chocz
808;;Dobrzyca;634;96;Wielkopolskie, powiat Pleszewski, Dobrzyca
809;;Jaraczewo;620;96;Wielkopolskie, powiat Jarociński, Jaraczewo
810;;Opatówek;621;96;Wielkopolskie, powiat Kaliski, Opatówek
811;;Krzanowice;660;96;Śląskie, powiat Raciborski, Krzanowice
812;;Pilica;665;96;Śląskie, powiat Zawierciański, Pilica
813;;Sośnicowice;654;96;Śląskie, powiat Gliwicki, Sośnicowice
814;;Bodzentyn;579;96;Świętokrzyskie, powiat Kielecki, Bodzentyn
815;;Daleszyce;579;96;Świętokrzyskie, powiat Kielecki, Daleszyce
816;;Łagów;579;96;Świętokrzyskie, powiat Kielecki, Łagów
817;;Małogoszcz;577;96;Świętokrzyskie, powiat Jędrzejowski, Małogoszcz
818;;Morawica;579;96;Świętokrzyskie, powiat Kielecki, Morawica
819;;Radoszyce;580;96;Świętokrzyskie, powiat Konecki, Radoszyce
820;;Stopnica;576;96;Świętokrzyskie, powiat Buski, Stopnica
821;;Wąchock;586;96;Świętokrzyskie, powiat Starachowicki, Wąchock
822;;Wiślica;576;96;Świętokrzyskie, powiat Buski, Wiślica
823;;Gościno;420;96;Zachodniopomorskie, powiat Kołobrzeski, Gościno
824;;Mielno;421;96;Zachodniopomorskie, powiat Koszaliński, Mielno
825;;Tychowo;413;96;Zachodniopomorskie, powiat Białogardzki, Tychowo
826;;Alwernia;753;96;Małopolskie, powiat Chrzanowski, Alwernia
827;;Nowe Brzesko;764;96;Małopolskie, powiat Proszowicki, Nowe Brzesko
828;;Świątniki Górne;756;96;Małopolskie, powiat Krakowski, Świątniki Górne
829;;Kołaczyce;594;96;Podkarpackie, powiat Jasielski, Kołaczyce
830;;Józefów nad Wisłą;533;96;Lubelskie, powiat Opolski, Józefów nad Wisłą
831;;Piaski;538;96;Lubelskie, powiat Świdnicki, Piaski
832;;Urzędów;528;96;Lubelskie, powiat Kraśnicki, Urzędów
833;;Czyżew;484;96;Podlaskie, powiat Wysokomazowiecki, Czyżew
834;;Szepietowo;484;96;Podlaskie, powiat Wysokomazowiecki, Szepietowo
835;;Rzgów;453;96;Łódzkie, powiat Łódzki Wschodni, Rzgów
836;;Bobowa;755;96;Małopolskie, powiat Gorlicki, Bobowa
837;;Miłakowo;503;96;Warmińsko-Mazurskie, powiat Ostródzki, Miłakowo
838;;Miłomłyn;503;96;Warmińsko-Mazurskie, powiat Ostródzki, Miłomłyn
839;;Pasym;505;96;Warmińsko-Mazurskie, powiat Szczycieński, Pasym
840;;Korfantów;516;96;Opolskie, powiat Nyski, Korfantów
841;;Prószków;518;96;Opolskie, powiat Opolski, Prószków
842;;Tułowice;518;96;Opolskie, powiat Opolski, Tułowice
843;;Myszyniec;700;96;Mazowieckie, powiat Ostrołęcki, Myszyniec
844;;Kamieńsk;459;96;Łódzkie, powiat Radomszczański, Kamieńsk
845;;Wolbórz;457;96;Łódzkie, powiat Piotrkowski, Wolbórz
846;;Drobin;704;96;Mazowieckie, powiat Płocki, Drobin
847;;Sanniki;689;96;Mazowieckie, powiat Gostyniński, Sanniki
848;;Nekla;644;96;Wielkopolskie, powiat Wrzesiński, Nekla
849;;Narol;598;96;Podkarpackie, powiat Lubaczowski, Narol
850;;Pruchnik;593;96;Podkarpackie, powiat Jarosławski, Pruchnik
851;;Boguchwała;605;96;Podkarpackie, powiat Rzeszowski, Boguchwała
852;;Przecław;600;96;Podkarpackie, powiat Mielecki, Przecław
853;;Kosów Lacki;714;96;Mazowieckie, powiat Sokołowski, Kosów Lacki
854;;Mrozy;697;96;Mazowieckie, powiat Miński, Mrozy
855;;Działoszyn;456;96;Łódzkie, powiat Pajęczański, Działoszyn
856;;Dziwnów;419;96;Zachodniopomorskie, powiat Kamieński, Dziwnów
857;;Stepnica;416;96;Zachodniopomorskie, powiat Goleniowski, Stepnica
858;;Annopol;528;96;Lubelskie, powiat Kraśnicki, Annopol
859;;Koprzywnica;584;96;Świętokrzyskie, powiat Sandomierski, Koprzywnica
860;;Modliborzyce;526;96;Lubelskie, powiat Janowski, Modliborzyce
861;;Osiek;587;96;Świętokrzyskie, powiat Staszowski, Osiek
862;;Zaklików;607;96;Podkarpackie, powiat Stalowowolski, Zaklików
863;;Brzostek;592;96;Podkarpackie, powiat Dębicki, Brzostek
864;;Ciężkowice;766;96;Małopolskie, powiat Tarnowski, Ciężkowice
865;;Czchów;752;96;Małopolskie, powiat Brzeski, Czchów
866;;Nowy Wiśnicz;751;96;Małopolskie, powiat Bocheński, Nowy Wiśnicz
867;;Radłów;766;96;Małopolskie, powiat Tarnowski, Radłów
868;;Ryglice;766;96;Małopolskie, powiat Tarnowski, Ryglice
869;;Szczucin;754;96;Małopolskie, powiat Dąbrowski, Szczucin
870;;Wojnicz;766;96;Małopolskie, powiat Tarnowski, Wojnicz
871;;Zakliczyn;766;96;Małopolskie, powiat Tarnowski, Zakliczyn
872;;Piotrków Kujawski;738;96;Kujawsko-Pomorskie, powiat Radziejowski, Piotrków Kujawski
873;;Skępe;735;96;Kujawsko-Pomorskie, powiat Lipnowski, Skępe
874;;Prusice;565;96;Dolnośląskie, powiat Trzebnicki, Prusice
875;;Siechnice;568;96;Dolnośląskie, powiat Wrocławski, Siechnice
876;;Frampol;523;96;Lubelskie, powiat Biłgorajski, Frampol
877;;Krasnobród;541;96;Lubelskie, powiat Zamojski, Krasnobród
878;;Lubycza Królewska;539;96;Lubelskie, powiat Tomaszowski, Lubycza Królewska
879;;Łaszczów;539;96;Lubelskie, powiat Tomaszowski, Łaszczów
880;;Tyszowce;539;96;Lubelskie, powiat Tomaszowski, Tyszowce
881;;Otyń;437;96;Lubuskie, powiat Nowosolski, Otyń
882;;Torzym;440;96;Lubuskie, powiat Sulęciński, Torzym
883;;Warszawa;727;96;Mazowieckie, powiat Warszawa, Warszawa
884;;Błonie;716;96;Mazowieckie, powiat Warszawski Zachodni, Błonie
885;;Brwinów;706;96;Mazowieckie, powiat Pruszkowski, Brwinów
886;;Góra Kalwaria;703;96;Mazowieckie, powiat Piaseczyński, Góra Kalwaria
887;;Grodzisk Mazowiecki;690;96;Mazowieckie, powiat Grodziski, Grodzisk Mazowiecki
888;;Józefów;702;96;Mazowieckie, powiat Otwocki, Józefów
889;;Karczew;702;96;Mazowieckie, powiat Otwocki, Karczew
890;;Kobyłka;718;96;Mazowieckie, powiat Wołomiński, Kobyłka
891;;Konstancin-Jeziorna;703;96;Mazowieckie, powiat Piaseczyński, Konstancin-Jeziorna
892;;Legionowo;693;96;Mazowieckie, powiat Legionowski, Legionowo
893;;Łomianki;716;96;Mazowieckie, powiat Warszawski Zachodni, Łomianki
894;;Marki;718;96;Mazowieckie, powiat Wołomiński, Marki
895;;Milanówek;690;96;Mazowieckie, powiat Grodziski, Milanówek
896;;Nowy Dwór Mazowiecki;699;96;Mazowieckie, powiat Nowodworski, Nowy Dwór Mazowiecki
897;;Otwock;702;96;Mazowieckie, powiat Otwocki, Otwock
898;;Ożarów Mazowiecki;716;96;Mazowieckie, powiat Warszawski Zachodni, Ożarów Mazowiecki
899;;Piaseczno;703;96;Mazowieckie, powiat Piaseczyński, Piaseczno
900;;Piastów;706;96;Mazowieckie, powiat Pruszkowski, Piastów
901;;Podkowa Leśna;690;96;Mazowieckie, powiat Grodziski, Podkowa Leśna
902;;Pruszków;706;96;Mazowieckie, powiat Pruszkowski, Pruszków
903;;Radzymin;718;96;Mazowieckie, powiat Wołomiński, Radzymin
904;;Serock;693;96;Mazowieckie, powiat Legionowski, Serock
905;;Sulejówek;697;96;Mazowieckie, powiat Miński, Sulejówek
906;;Wołomin;718;96;Mazowieckie, powiat Wołomiński, Wołomin
907;;Zakroczym;699;96;Mazowieckie, powiat Nowodworski, Zakroczym
908;;Ząbki;718;96;Mazowieckie, powiat Wołomiński, Ząbki
909;;Zielonka;718;96;Mazowieckie, powiat Wołomiński, Zielonka
910;;Biała Podlaska;542;96;Lubelskie, powiat Biała Podlaska, Biała Podlaska
911;;Łosice;695;96;Mazowieckie, powiat Łosicki, Łosice
912;;Międzyrzec Podlaski;522;96;Lubelskie, powiat Bialski, Międzyrzec Podlaski
913;;Parczew;534;96;Lubelskie, powiat Parczewski, Parczew
914;;Radzyń Podlaski;536;96;Lubelskie, powiat Radzyński, Radzyń Podlaski
915;;Terespol;522;96;Lubelskie, powiat Bialski, Terespol
916;;Białystok;486;96;Podlaskie, powiat Białystok, Białystok
917;;Bielsk Podlaski;474;96;Podlaskie, powiat Bielski, Bielsk Podlaski
918;;Brańsk;474;96;Podlaskie, powiat Bielski, Brańsk
919;;Choroszcz;473;96;Podlaskie, powiat Białostocki, Choroszcz
920;;Czarna Białostocka;473;96;Podlaskie, powiat Białostocki, Czarna Białostocka
921;;Dąbrowa Białostocka;482;96;Podlaskie, powiat Sokólski, Dąbrowa Białostocka
922;;Drohiczyn;481;96;Podlaskie, powiat Siemiatycki, Drohiczyn
923;;Hajnówka;476;96;Podlaskie, powiat Hajnowski, Hajnówka
924;;Knyszyn;479;96;Podlaskie, powiat Moniecki, Knyszyn
925;;Łapy;473;96;Podlaskie, powiat Białostocki, Łapy
926;;Mońki;479;96;Podlaskie, powiat Moniecki, Mońki
927;;Siemiatycze;481;96;Podlaskie, powiat Siemiatycki, Siemiatycze
928;;Sokółka;482;96;Podlaskie, powiat Sokólski, Sokółka
929;;Supraśl;473;96;Podlaskie, powiat Białostocki, Supraśl
930;;Suraż;473;96;Podlaskie, powiat Białostocki, Suraż
931;;Wasilków;473;96;Podlaskie, powiat Białostocki, Wasilków
932;;Zabłudów;473;96;Podlaskie, powiat Białostocki, Zabłudów
933;;Bielsko-Biała;667;96;Śląskie, powiat Bielsko-Biała, Bielsko-Biała
934;;Andrychów;768;96;Małopolskie, powiat Wadowicki, Andrychów
935;;Chełmek;763;96;Małopolskie, powiat Oświęcimski, Chełmek
936;;Cieszyn;652;96;Śląskie, powiat Cieszyński, Cieszyn
937;;Kalwaria Zebrzydowska;768;96;Małopolskie, powiat Wadowicki, Kalwaria Zebrzydowska
938;;Kęty;763;96;Małopolskie, powiat Oświęcimski, Kęty
939;;Maków Podhalański;765;96;Małopolskie, powiat Suski, Maków Podhalański
940;;Oświęcim;763;96;Małopolskie, powiat Oświęcimski, Oświęcim
941;;Skoczów;652;96;Śląskie, powiat Cieszyński, Skoczów
942;;Strumień;652;96;Śląskie, powiat Cieszyński, Strumień
943;;Sucha Beskidzka;765;96;Małopolskie, powiat Suski, Sucha Beskidzka
944;;Szczyrk;651;96;Śląskie, powiat Bielski, Szczyrk
945;;Ustroń;652;96;Śląskie, powiat Cieszyński, Ustroń
946;;Wadowice;768;96;Małopolskie, powiat Wadowicki, Wadowice
947;;Wilamowice;651;96;Śląskie, powiat Bielski, Wilamowice
948;;Wisła;652;96;Śląskie, powiat Cieszyński, Wisła
949;;Zator;763;96;Małopolskie, powiat Oświęcimski, Zator
950;;Żywiec;666;96;Śląskie, powiat Żywiecki, Żywiec
951;;Bydgoszcz;747;96;Kujawsko-Pomorskie, powiat Bydgoszcz, Bydgoszcz
952;;Barcin;746;96;Kujawsko-Pomorskie, powiat Żniński, Barcin
953;;Brusy;774;96;Pomorskie, powiat Chojnicki, Brusy
954;;Chojnice;774;96;Pomorskie, powiat Chojnicki, Chojnice
955;;Czersk;774;96;Pomorskie, powiat Chojnicki, Czersk
956;;Gniewkowo;734;96;Kujawsko-Pomorskie, powiat Inowrocławski, Gniewkowo
957;;Inowrocław;734;96;Kujawsko-Pomorskie, powiat Inowrocławski, Inowrocław
958;;Janikowo;734;96;Kujawsko-Pomorskie, powiat Inowrocławski, Janikowo
959;;Janowiec Wielkopolski;746;96;Kujawsko-Pomorskie, powiat Żniński, Janowiec Wielkopolski
960;;Kamień Krajeński;740;96;Kujawsko-Pomorskie, powiat Sępoleński, Kamień Krajeński
961;;Kcynia;737;96;Kujawsko-Pomorskie, powiat Nakielski, Kcynia
962;;Koronowo;730;96;Kujawsko-Pomorskie, powiat Bydgoski, Koronowo
963;;Kruszwica;734;96;Kujawsko-Pomorskie, powiat Inowrocławski, Kruszwica
964;;Łabiszyn;746;96;Kujawsko-Pomorskie, powiat Żniński, Łabiszyn
965;;Mogilno;736;96;Kujawsko-Pomorskie, powiat Mogileński, Mogilno
966;;Mrocza;737;96;Kujawsko-Pomorskie, powiat Nakielski, Mrocza
967;;Nakło nad Notecią;737;96;Kujawsko-Pomorskie, powiat Nakielski, Nakło nad Notecią
968;;Nowe;741;96;Kujawsko-Pomorskie, powiat Świecki, Nowe
969;;Pakość;734;96;Kujawsko-Pomorskie, powiat Inowrocławski, Pakość
970;;Sępólno Krajeńskie;740;96;Kujawsko-Pomorskie, powiat Sępoleński, Sępólno Krajeńskie
971;;Solec Kujawski;730;96;Kujawsko-Pomorskie, powiat Bydgoski, Solec Kujawski
972;;Strzelno;736;96;Kujawsko-Pomorskie, powiat Mogileński, Strzelno
973;;Szubin;737;96;Kujawsko-Pomorskie, powiat Nakielski, Szubin
974;;Świecie;741;96;Kujawsko-Pomorskie, powiat Świecki, Świecie
975;;Trzemeszno;617;96;Wielkopolskie, powiat Gnieźnieński, Trzemeszno
976;;Tuchola;743;96;Kujawsko-Pomorskie, powiat Tucholski, Tuchola
977;;Więcbork;740;96;Kujawsko-Pomorskie, powiat Sępoleński, Więcbork
978;;Żnin;746;96;Kujawsko-Pomorskie, powiat Żniński, Żnin
979;;Chełm;543;96;Lubelskie, powiat Chełm, Chełm
980;;Krasnystaw;527;96;Lubelskie, powiat Krasnostawski, Krasnystaw
981;;Rejowiec Fabryczny;524;96;Lubelskie, powiat Chełmski, Rejowiec Fabryczny
982;;Włodawa;540;96;Lubelskie, powiat Włodawski, Włodawa
983;;Ciechanów;687;96;Mazowieckie, powiat Ciechanowski, Ciechanów
984;;Działdowo;491;96;Warmińsko-Mazurskie, powiat Działdowski, Działdowo
985;;Lidzbark;491;96;Warmińsko-Mazurskie, powiat Działdowski, Lidzbark
986;;Mława;698;96;Mazowieckie, powiat Mławski, Mława
987;;Nasielsk;699;96;Mazowieckie, powiat Nowodworski, Nasielsk
988;;Płońsk;705;96;Mazowieckie, powiat Płoński, Płońsk
989;;Pułtusk;709;96;Mazowieckie, powiat Pułtuski, Pułtusk
990;;Raciąż;705;96;Mazowieckie, powiat Płoński, Raciąż
991;;Żuromin;721;96;Mazowieckie, powiat Żuromiński, Żuromin
992;;Częstochowa;670;96;Śląskie, powiat Częstochowa, Częstochowa
993;;Blachownia;653;96;Śląskie, powiat Częstochowski, Blachownia
994;;Dobrodzień;517;96;Opolskie, powiat Oleski, Dobrodzień
995;;Gorzów Śląski;517;96;Opolskie, powiat Oleski, Gorzów Śląski
996;;Kalety;662;96;Śląskie, powiat Tarnogórski, Kalety
997;;Kłobuck;655;96;Śląskie, powiat Kłobucki, Kłobuck
998;;Koniecpol;653;96;Śląskie, powiat Częstochowski, Koniecpol
999;;Koziegłowy;658;96;Śląskie, powiat Myszkowski, Koziegłowy
1000;;Krzepice;655;96;Śląskie, powiat Kłobucki, Krzepice
1001;;Lubliniec;656;96;Śląskie, powiat Lubliniecki, Lubliniec
1002;;Myszków;658;96;Śląskie, powiat Myszkowski, Myszków
1003;;Olesno;517;96;Opolskie, powiat Oleski, Olesno
1004;;Pajęczno;456;96;Łódzkie, powiat Pajęczański, Pajęczno
1005;;Praszka;517;96;Opolskie, powiat Oleski, Praszka
1006;;Szczekociny;665;96;Śląskie, powiat Zawierciański, Szczekociny
1007;;Woźniki;656;96;Śląskie, powiat Lubliniecki, Woźniki
1008;;Żarki;658;96;Śląskie, powiat Myszkowski, Żarki
1009;;Elbląg;508;96;Warmińsko-Mazurskie, powiat Elbląg, Elbląg
1010;;Braniewo;490;96;Warmińsko-Mazurskie, powiat Braniewski, Braniewo
1011;;Dzierzgoń;788;96;Pomorskie, powiat Sztumski, Dzierzgoń
1012;;Frombork;490;96;Warmińsko-Mazurskie, powiat Braniewski, Frombork
1013;;Kisielice;495;96;Warmińsko-Mazurskie, powiat Iławski, Kisielice
1014;;Krynica Morska;782;96;Pomorskie, powiat Nowodworski, Krynica Morska
1015;;Kwidzyn;779;96;Pomorskie, powiat Kwidzyński, Kwidzyn
1016;;Malbork;781;96;Pomorskie, powiat Malborski, Malbork
1017;;Młynary;492;96;Warmińsko-Mazurskie, powiat Elbląski, Młynary
1018;;Nowy Dwór Gdański;782;96;Pomorskie, powiat Nowodworski, Nowy Dwór Gdański
1019;;Nowy Staw;781;96;Pomorskie, powiat Malborski, Nowy Staw
1020;;Orneta;497;96;Warmińsko-Mazurskie, powiat Lidzbarski, Orneta
1021;;Pasłęk;492;96;Warmińsko-Mazurskie, powiat Elbląski, Pasłęk
1022;;Pieniężno;490;96;Warmińsko-Mazurskie, powiat Braniewski, Pieniężno
1023;;Prabuty;779;96;Pomorskie, powiat Kwidzyński, Prabuty
1024;;Susz;495;96;Warmińsko-Mazurskie, powiat Iławski, Susz
1025;;Sztum;788;96;Pomorskie, powiat Sztumski, Sztum
1026;;Tolkmicko;492;96;Warmińsko-Mazurskie, powiat Elbląski, Tolkmicko
1027;;Gdańsk;789;96;Pomorskie, powiat Gdańsk, Gdańsk
1028;;Gdynia;790;96;Pomorskie, powiat Gdynia, Gdynia
1029;;Gniew;786;96;Pomorskie, powiat Tczewski, Gniew
1030;;Hel;783;96;Pomorskie, powiat Pucki, Hel
1031;;Jastarnia;783;96;Pomorskie, powiat Pucki, Jastarnia
1032;;Kartuzy;777;96;Pomorskie, powiat Kartuski, Kartuzy
1033;;Kościerzyna;778;96;Pomorskie, powiat Kościerski, Kościerzyna
1034;;Pelplin;786;96;Pomorskie, powiat Tczewski, Pelplin
1035;;Pruszcz Gdański;776;96;Pomorskie, powiat Gdański, Pruszcz Gdański
1036;;Puck;783;96;Pomorskie, powiat Pucki, Puck
1037;;Reda;787;96;Pomorskie, powiat Wejherowski, Reda
1038;;Rumia;787;96;Pomorskie, powiat Wejherowski, Rumia
1039;;Skarszewy;785;96;Pomorskie, powiat Starogardzki, Skarszewy
1040;;Skórcz;785;96;Pomorskie, powiat Starogardzki, Skórcz
1041;;Sopot;792;96;Pomorskie, powiat Sopot, Sopot
1042;;Starogard Gdański;785;96;Pomorskie, powiat Starogardzki, Starogard Gdański
1043;;Tczew;786;96;Pomorskie, powiat Tczewski, Tczew
1044;;Wejherowo;787;96;Pomorskie, powiat Wejherowski, Wejherowo
1045;;Władysławowo;783;96;Pomorskie, powiat Pucki, Władysławowo
1046;;Żukowo;777;96;Pomorskie, powiat Kartuski, Żukowo
1047;;Gorzów Wielkopolski;446;96;Lubuskie, powiat Gorzów Wielkopolski, Gorzów Wielkopolski
1048;;Barlinek;422;96;Zachodniopomorskie, powiat Myśliborski, Barlinek
1049;;Choszczno;414;96;Zachodniopomorskie, powiat Choszczeński, Choszczno
1050;;Dębno;422;96;Zachodniopomorskie, powiat Myśliborski, Dębno
1051;;Dobiegniew;439;96;Lubuskie, powiat Strzelecko-Drezdenecki, Dobiegniew
1052;;Drawno;414;96;Zachodniopomorskie, powiat Choszczeński, Drawno
1053;;Drezdenko;439;96;Lubuskie, powiat Strzelecko-Drezdenecki, Drezdenko
1054;;Kostrzyn nad Odrą;434;96;Lubuskie, powiat Gorzowski, Kostrzyn nad Odrą
1055;;Międzychód;628;96;Wielkopolskie, powiat Międzychodzki, Międzychód
1056;;Międzyrzecz;436;96;Lubuskie, powiat Międzyrzecki, Międzyrzecz
1057;;Myślibórz;422;96;Zachodniopomorskie, powiat Myśliborski, Myślibórz
1058;;Ośno Lubuskie;438;96;Lubuskie, powiat Słubicki, Ośno Lubuskie
1059;;Pełczyce;414;96;Zachodniopomorskie, powiat Choszczeński, Pełczyce
1060;;Recz;414;96;Zachodniopomorskie, powiat Choszczeński, Recz
1061;;Rzepin;438;96;Lubuskie, powiat Słubicki, Rzepin
1062;;Skwierzyna;436;96;Lubuskie, powiat Międzyrzecki, Skwierzyna
1063;;Słubice;438;96;Lubuskie, powiat Słubicki, Słubice
1064;;Strzelce Krajeńskie;439;96;Lubuskie, powiat Strzelecko-Drezdenecki, Strzelce Krajeńskie
1065;;Sulęcin;440;96;Lubuskie, powiat Sulęciński, Sulęcin
1066;;Trzciel;436;96;Lubuskie, powiat Międzyrzecki, Trzciel
1067;;Witnica;434;96;Lubuskie, powiat Gorzowski, Witnica
1068;;Jelenia Góra;572;96;Dolnośląskie, powiat Jelenia Góra, Jelenia Góra
1069;;Bogatynia;570;96;Dolnośląskie, powiat Zgorzelecki, Bogatynia
1070;;Bolesławiec;546;96;Dolnośląskie, powiat Bolesławiecki, Bolesławiec
1071;;Bolków;550;96;Dolnośląskie, powiat Jaworski, Bolków
1072;;Gryfów Śląski;557;96;Dolnośląskie, powiat Lwówecki, Gryfów Śląski
1073;;Kamienna Góra;552;96;Dolnośląskie, powiat Kamiennogórski, Kamienna Góra
1074;;Karpacz;551;96;Dolnośląskie, powiat Jeleniogórski, Karpacz
1075;;Kowary;551;96;Dolnośląskie, powiat Jeleniogórski, Kowary
1076;;Leśna;555;96;Dolnośląskie, powiat Lubański, Leśna
1077;;Lubań;555;96;Dolnośląskie, powiat Lubański, Lubań
1078;;Lubawka;552;96;Dolnośląskie, powiat Kamiennogórski, Lubawka
1079;;Lubomierz;557;96;Dolnośląskie, powiat Lwówecki, Lubomierz
1080;;Lwówek Śląski;557;96;Dolnośląskie, powiat Lwówecki, Lwówek Śląski
1081;;Mirsk;557;96;Dolnośląskie, powiat Lwówecki, Mirsk
1082;;Nowogrodziec;546;96;Dolnośląskie, powiat Bolesławiecki, Nowogrodziec
1083;;Piechowice;551;96;Dolnośląskie, powiat Jeleniogórski, Piechowice
1084;;Pieńsk;570;96;Dolnośląskie, powiat Zgorzelecki, Pieńsk
1085;;Szklarska Poręba;551;96;Dolnośląskie, powiat Jeleniogórski, Szklarska Poręba
1086;;Świeradów-Zdrój;555;96;Dolnośląskie, powiat Lubański, Świeradów-Zdrój
1087;;Świerzawa;571;96;Dolnośląskie, powiat Złotoryjski, Świerzawa
1088;;Węgliniec;570;96;Dolnośląskie, powiat Zgorzelecki, Węgliniec
1089;;Wleń;557;96;Dolnośląskie, powiat Lwówecki, Wleń
1090;;Wojcieszów;571;96;Dolnośląskie, powiat Złotoryjski, Wojcieszów
1091;;Zawidów;570;96;Dolnośląskie, powiat Zgorzelecki, Zawidów
1092;;Zgorzelec;570;96;Dolnośląskie, powiat Zgorzelecki, Zgorzelec
1093;;Kalisz;646;96;Wielkopolskie, powiat Kalisz, Kalisz
1094;;Grabów nad Prosną;632;96;Wielkopolskie, powiat Ostrzeszowski, Grabów nad Prosną
1095;;Jarocin;620;96;Wielkopolskie, powiat Jarociński, Jarocin
1096;;Kępno;622;96;Wielkopolskie, powiat Kępiński, Kępno
1097;;Koźmin Wielkopolski;626;96;Wielkopolskie, powiat Krotoszyński, Koźmin Wielkopolski
1098;;Krotoszyn;626;96;Wielkopolskie, powiat Krotoszyński, Krotoszyn
1099;;Międzybórz;559;96;Dolnośląskie, powiat Oleśnicki, Międzybórz
1100;;Mikstat;632;96;Wielkopolskie, powiat Ostrzeszowski, Mikstat
1101;;Nowe Skalmierzyce;631;96;Wielkopolskie, powiat Ostrowski, Nowe Skalmierzyce
1102;;Odolanów;631;96;Wielkopolskie, powiat Ostrowski, Odolanów
1103;;Ostrów Wielkopolski;631;96;Wielkopolskie, powiat Ostrowski, Ostrów Wielkopolski
1104;;Ostrzeszów;632;96;Wielkopolskie, powiat Ostrzeszowski, Ostrzeszów
1105;;Pleszew;634;96;Wielkopolskie, powiat Pleszewski, Pleszew
1106;;Raszków;631;96;Wielkopolskie, powiat Ostrowski, Raszków
1107;;Stawiszyn;621;96;Wielkopolskie, powiat Kaliski, Stawiszyn
1108;;Sulmierzyce;626;96;Wielkopolskie, powiat Krotoszyński, Sulmierzyce
1109;;Syców;559;96;Dolnośląskie, powiat Oleśnicki, Syców
1110;;Wieruszów;465;96;Łódzkie, powiat Wieruszowski, Wieruszów
1111;;Zduny;626;96;Wielkopolskie, powiat Krotoszyński, Zduny
1112;;Żerków;620;96;Wielkopolskie, powiat Jarociński, Żerków
1113;;Katowice;675;96;Śląskie, powiat Katowice, Katowice
1114;;Będzin;650;96;Śląskie, powiat Będziński, Będzin
1115;;Bieruń;663;96;Śląskie, powiat Bieruńsko-Lędziński, Bieruń
1116;;Brzeszcze;763;96;Małopolskie, powiat Oświęcimski, Brzeszcze
1117;;Bukowno;762;96;Małopolskie, powiat Olkuski, Bukowno
1118;;Bytom;668;96;Śląskie, powiat Bytom, Bytom
1119;;Radzionków;662;96;Śląskie, powiat Tarnogórski, Radzionków
1120;;Chorzów;669;96;Śląskie, powiat Chorzów, Chorzów
1121;;Chrzanów;753;96;Małopolskie, powiat Chrzanowski, Chrzanów
1122;;Czechowice-Dziedzice;651;96;Śląskie, powiat Bielski, Czechowice-Dziedzice
1123;;Czeladź;650;96;Śląskie, powiat Będziński, Czeladź
1124;;Czerwionka-Leszczyny;661;96;Śląskie, powiat Rybnicki, Czerwionka-Leszczyny
1125;;Dąbrowa Górnicza;671;96;Śląskie, powiat Dąbrowa Górnicza, Dąbrowa Górnicza
1126;;Gliwice;672;96;Śląskie, powiat Gliwice, Gliwice
1127;;Jastrzębie-Zdrój;673;96;Śląskie, powiat Jastrzębie-Zdrój, Jastrzębie-Zdrój
1128;;Jaworzno;674;96;Śląskie, powiat Jaworzno, Jaworzno
1129;;Knurów;654;96;Śląskie, powiat Gliwicki, Knurów
1130;;Kuźnia Raciborska;660;96;Śląskie, powiat Raciborski, Kuźnia Raciborska
1131;;Lędziny;663;96;Śląskie, powiat Bieruńsko-Lędziński, Lędziny
1132;;Libiąż;753;96;Małopolskie, powiat Chrzanowski, Libiąż
1133;;Łaziska Górne;657;96;Śląskie, powiat Mikołowski, Łaziska Górne
1134;;Łazy;665;96;Śląskie, powiat Zawierciański, Łazy
1135;;Mikołów;657;96;Śląskie, powiat Mikołowski, Mikołów
1136;;Mysłowice;676;96;Śląskie, powiat Mysłowice, Mysłowice
1137;;Imielin;663;96;Śląskie, powiat Bieruńsko-Lędziński, Imielin
1138;;Ogrodzieniec;665;96;Śląskie, powiat Zawierciański, Ogrodzieniec
1139;;Olkusz;762;96;Małopolskie, powiat Olkuski, Olkusz
1140;;Orzesze;657;96;Śląskie, powiat Mikołowski, Orzesze
1141;;Piekary Śląskie;677;96;Śląskie, powiat Piekary Śląskie, Piekary Śląskie
1142;;Poręba;665;96;Śląskie, powiat Zawierciański, Poręba
1143;;Pszczyna;659;96;Śląskie, powiat Pszczyński, Pszczyna
1144;;Pyskowice;654;96;Śląskie, powiat Gliwicki, Pyskowice
1145;;Racibórz;660;96;Śląskie, powiat Raciborski, Racibórz
1146;;Ruda Śląska;678;96;Śląskie, powiat Ruda Śląska, Ruda Śląska
1147;;Rybnik;679;96;Śląskie, powiat Rybnik, Rybnik
1148;;Rydułtowy;664;96;Śląskie, powiat Wodzisławski, Rydułtowy
1149;;Siemianowice Śląskie;680;96;Śląskie, powiat Siemianowice Śląskie, Siemianowice Śląskie
1150;;Siewierz;650;96;Śląskie, powiat Będziński, Siewierz
1151;;Sławków;650;96;Śląskie, powiat Będziński, Sławków
1152;;Sosnowiec;681;96;Śląskie, powiat Sosnowiec, Sosnowiec
1153;;Świętochłowice;682;96;Śląskie, powiat Świętochłowice, Świętochłowice
1154;;Tarnowskie Góry;662;96;Śląskie, powiat Tarnogórski, Tarnowskie Góry
1155;;Miasteczko Śląskie;662;96;Śląskie, powiat Tarnogórski, Miasteczko Śląskie
1156;;Toszek;654;96;Śląskie, powiat Gliwicki, Toszek
1157;;Trzebinia;753;96;Małopolskie, powiat Chrzanowski, Trzebinia
1158;;Tychy;683;96;Śląskie, powiat Tychy, Tychy
1159;;Wodzisław Śląski;664;96;Śląskie, powiat Wodzisławski, Wodzisław Śląski
1160;;Pszów;664;96;Śląskie, powiat Wodzisławski, Pszów
1161;;Radlin;664;96;Śląskie, powiat Wodzisławski, Radlin
1162;;Wojkowice;650;96;Śląskie, powiat Będziński, Wojkowice
1163;;Wolbrom;762;96;Małopolskie, powiat Olkuski, Wolbrom
1164;;Zabrze;684;96;Śląskie, powiat Zabrze, Zabrze
1165;;Zawiercie;665;96;Śląskie, powiat Zawierciański, Zawiercie
1166;;Żory;685;96;Śląskie, powiat Żory, Żory
1167;;Kielce;589;96;Świętokrzyskie, powiat Kielce, Kielce
1168;;Busko-Zdrój;576;96;Świętokrzyskie, powiat Buski, Busko-Zdrój
1169;;Chęciny;579;96;Świętokrzyskie, powiat Kielecki, Chęciny
1170;;Chmielnik;579;96;Świętokrzyskie, powiat Kielecki, Chmielnik
1171;;Działoszyce;583;96;Świętokrzyskie, powiat Pińczowski, Działoszyce
1172;;Jędrzejów;577;96;Świętokrzyskie, powiat Jędrzejowski, Jędrzejów
1173;;Kazimierza Wielka;578;96;Świętokrzyskie, powiat Kazimierski, Kazimierza Wielka
1174;;Końskie;580;96;Świętokrzyskie, powiat Konecki, Końskie
1175;;Kunów;582;96;Świętokrzyskie, powiat Ostrowiecki, Kunów
1176;;Miechów;758;96;Małopolskie, powiat Miechowski, Miechów
1177;;Ostrowiec Świętokrzyski;582;96;Świętokrzyskie, powiat Ostrowiecki, Ostrowiec Świętokrzyski
1178;;Pińczów;583;96;Świętokrzyskie, powiat Pińczowski, Pińczów
1179;;Sędziszów;577;96;Świętokrzyskie, powiat Jędrzejowski, Sędziszów
1180;;Skalbmierz;578;96;Świętokrzyskie, powiat Kazimierski, Skalbmierz
1181;;Skarżysko-Kamienna;585;96;Świętokrzyskie, powiat Skarżyski, Skarżysko-Kamienna
1182;;Starachowice;586;96;Świętokrzyskie, powiat Starachowicki, Starachowice
1183;;Stąporków;580;96;Świętokrzyskie, powiat Konecki, Stąporków
1184;;Suchedniów;585;96;Świętokrzyskie, powiat Skarżyski, Suchedniów
1185;;Włoszczowa;588;96;Świętokrzyskie, powiat Włoszczowski, Włoszczowa
1186;;Konin;647;96;Wielkopolskie, powiat Konin, Konin
1187;;Dąbie;623;96;Wielkopolskie, powiat Kolski, Dąbie
1188;;Dobra;641;96;Wielkopolskie, powiat Turecki, Dobra
1189;;Golina;624;96;Wielkopolskie, powiat Koniński, Golina
1190;;Kleczew;624;96;Wielkopolskie, powiat Koniński, Kleczew
1191;;Kłodawa;623;96;Wielkopolskie, powiat Kolski, Kłodawa
1192;;Koło;623;96;Wielkopolskie, powiat Kolski, Koło
1193;;Przedecz;623;96;Wielkopolskie, powiat Kolski, Przedecz
1194;;Pyzdry;644;96;Wielkopolskie, powiat Wrzesiński, Pyzdry
1195;;Rychwał;624;96;Wielkopolskie, powiat Koniński, Rychwał
1196;;Słupca;637;96;Wielkopolskie, powiat Słupecki, Słupca
1197;;Sompolno;624;96;Wielkopolskie, powiat Koniński, Sompolno
1198;;Ślesin;624;96;Wielkopolskie, powiat Koniński, Ślesin
1199;;Tuliszków;641;96;Wielkopolskie, powiat Turecki, Tuliszków
1200;;Turek;641;96;Wielkopolskie, powiat Turecki, Turek
1201;;Uniejów;458;96;Łódzkie, powiat Poddębicki, Uniejów
1202;;Witkowo;617;96;Wielkopolskie, powiat Gnieźnieński, Witkowo
1203;;Zagórów;637;96;Wielkopolskie, powiat Słupecki, Zagórów
1204;;Koszalin;431;96;Zachodniopomorskie, powiat Koszalin, Koszalin
1205;;Barwice;427;96;Zachodniopomorskie, powiat Szczecinecki, Barwice
1206;;Białogard;413;96;Zachodniopomorskie, powiat Białogardzki, Białogard
1207;;Biały Bór;427;96;Zachodniopomorskie, powiat Szczecinecki, Biały Bór
1208;;Bobolice;421;96;Zachodniopomorskie, powiat Koszaliński, Bobolice
1209;;Czaplinek;415;96;Zachodniopomorskie, powiat Drawski, Czaplinek
1210;;Darłowo;425;96;Zachodniopomorskie, powiat Sławieński, Darłowo
1211;;Drawsko Pomorskie;415;96;Zachodniopomorskie, powiat Drawski, Drawsko Pomorskie
1212;;Kalisz Pomorski;415;96;Zachodniopomorskie, powiat Drawski, Kalisz Pomorski
1213;;Karlino;413;96;Zachodniopomorskie, powiat Białogardzki, Karlino
1214;;Kołobrzeg;420;96;Zachodniopomorskie, powiat Kołobrzeski, Kołobrzeg
1215;;Polanów;421;96;Zachodniopomorskie, powiat Koszaliński, Polanów
1216;;Połczyn-Zdrój;428;96;Zachodniopomorskie, powiat Świdwiński, Połczyn-Zdrój
1217;;Sianów;421;96;Zachodniopomorskie, powiat Koszaliński, Sianów
1218;;Szczecinek;427;96;Zachodniopomorskie, powiat Szczecinecki, Szczecinek
1219;;Świdwin;428;96;Zachodniopomorskie, powiat Świdwiński, Świdwin
1220;;Złocieniec;415;96;Zachodniopomorskie, powiat Drawski, Złocieniec
1221;;Kraków;770;96;Małopolskie, powiat Kraków, Kraków
1222;;Dobczyce;759;96;Małopolskie, powiat Myślenicki, Dobczyce
1223;;Krzeszowice;756;96;Małopolskie, powiat Krakowski, Krzeszowice
1224;;Myślenice;759;96;Małopolskie, powiat Myślenicki, Myślenice
1225;;Niepołomice;769;96;Małopolskie, powiat Wielicki, Niepołomice
1226;;Proszowice;764;96;Małopolskie, powiat Proszowicki, Proszowice
1227;;Skała;756;96;Małopolskie, powiat Krakowski, Skała
1228;;Skawina;756;96;Małopolskie, powiat Krakowski, Skawina
1229;;Słomniki;756;96;Małopolskie, powiat Krakowski, Słomniki
1230;;Sułkowice;759;96;Małopolskie, powiat Myślenicki, Sułkowice
1231;;Wieliczka;769;96;Małopolskie, powiat Wielicki, Wieliczka
1232;;Krosno;611;96;Podkarpackie, powiat Krosno, Krosno
1233;;Biecz;755;96;Małopolskie, powiat Gorlicki, Biecz
1234;;Brzozów;591;96;Podkarpackie, powiat Brzozowski, Brzozów
1235;;Dukla;596;96;Podkarpackie, powiat Krośnieński, Dukla
1236;;Iwonicz-Zdrój;596;96;Podkarpackie, powiat Krośnieński, Iwonicz-Zdrój
1237;;Jasło;594;96;Podkarpackie, powiat Jasielski, Jasło
1238;;Jedlicze;596;96;Podkarpackie, powiat Krośnieński, Jedlicze
1239;;Lesko;610;96;Podkarpackie, powiat Leski, Lesko
1240;;Rymanów;596;96;Podkarpackie, powiat Krośnieński, Rymanów
1241;;Sanok;606;96;Podkarpackie, powiat Sanocki, Sanok
1242;;Ustrzyki Dolne;590;96;Podkarpackie, powiat Bieszczadzki, Ustrzyki Dolne
1243;;Zagórz;606;96;Podkarpackie, powiat Sanocki, Zagórz
1244;;Legnica;573;96;Dolnośląskie, powiat Legnica, Legnica
1245;;Chocianów;561;96;Dolnośląskie, powiat Polkowicki, Chocianów
1246;;Chojnów;554;96;Dolnośląskie, powiat Legnicki, Chojnów
1247;;Głogów;548;96;Dolnośląskie, powiat Głogowski, Głogów
1248;;Jawor;550;96;Dolnośląskie, powiat Jaworski, Jawor
1249;;Lubin;556;96;Dolnośląskie, powiat Lubiński, Lubin
1250;;Polkowice;561;96;Dolnośląskie, powiat Polkowicki, Polkowice
1251;;Prochowice;554;96;Dolnośląskie, powiat Legnicki, Prochowice
1252;;Przemków;561;96;Dolnośląskie, powiat Polkowicki, Przemków
1253;;Ścinawa;556;96;Dolnośląskie, powiat Lubiński, Ścinawa
1254;;Złotoryja;571;96;Dolnośląskie, powiat Złotoryjski, Złotoryja
1255;;Leszno;648;96;Wielkopolskie, powiat Leszno, Leszno
1256;;Bojanowo;636;96;Wielkopolskie, powiat Rawicki, Bojanowo
1257;;Borek Wielkopolski;618;96;Wielkopolskie, powiat Gostyński, Borek Wielkopolski
1258;;Gostyń;618;96;Wielkopolskie, powiat Gostyński, Gostyń
1259;;Góra;549;96;Dolnośląskie, powiat Górowski, Góra
1260;;Jutrosin;636;96;Wielkopolskie, powiat Rawicki, Jutrosin
1261;;Kobylin;626;96;Wielkopolskie, powiat Krotoszyński, Kobylin
1262;;Kościan;625;96;Wielkopolskie, powiat Kościański, Kościan
1263;;Krobia;618;96;Wielkopolskie, powiat Gostyński, Krobia
1264;;Krzywiń;625;96;Wielkopolskie, powiat Kościański, Krzywiń
1265;;Miejska Górka;636;96;Wielkopolskie, powiat Rawicki, Miejska Górka
1266;;Osieczna;627;96;Wielkopolskie, powiat Leszczyński, Osieczna
1267;;Pogorzela;618;96;Wielkopolskie, powiat Gostyński, Pogorzela
1268;;Poniec;618;96;Wielkopolskie, powiat Gostyński, Poniec
1269;;Rawicz;636;96;Wielkopolskie, powiat Rawicki, Rawicz
1270;;Rydzyna;627;96;Wielkopolskie, powiat Leszczyński, Rydzyna
1271;;Szlichtyngowa;445;96;Lubuskie, powiat Wschowski, Szlichtyngowa
1272;;Śmigiel;625;96;Wielkopolskie, powiat Kościański, Śmigiel
1273;;Wąsosz;549;96;Dolnośląskie, powiat Górowski, Wąsosz
1274;;Wschowa;445;96;Lubuskie, powiat Wschowski, Wschowa
1275;;Lublin;544;96;Lubelskie, powiat Lublin, Lublin
1276;;Bełżyce;530;96;Lubelskie, powiat Lubelski, Bełżyce
1277;;Bychawa;530;96;Lubelskie, powiat Lubelski, Bychawa
1278;;Dęblin;537;96;Lubelskie, powiat Rycki, Dęblin
1279;;Kazimierz Dolny;535;96;Lubelskie, powiat Puławski, Kazimierz Dolny
1280;;Kock;529;96;Lubelskie, powiat Lubartowski, Kock
1281;;Kraśnik;528;96;Lubelskie, powiat Kraśnicki, Kraśnik
1282;;Lubartów;529;96;Lubelskie, powiat Lubartowski, Lubartów
1283;;Łęczna;531;96;Lubelskie, powiat Łęczyński, Łęczna
1284;;Nałęczów;535;96;Lubelskie, powiat Puławski, Nałęczów
1285;;Opole Lubelskie;533;96;Lubelskie, powiat Opolski, Opole Lubelskie
1286;;Ostrów Lubelski;529;96;Lubelskie, powiat Lubartowski, Ostrów Lubelski
1287;;Poniatowa;533;96;Lubelskie, powiat Opolski, Poniatowa
1288;;Puławy;535;96;Lubelskie, powiat Puławski, Puławy
1289;;Ryki;537;96;Lubelskie, powiat Rycki, Ryki
1290;;Świdnik;538;96;Lubelskie, powiat Świdnicki, Świdnik
1291;;Łomża;487;96;Podlaskie, powiat Łomża, Łomża
1292;;Ciechanowiec;484;96;Podlaskie, powiat Wysokomazowiecki, Ciechanowiec
1293;;Goniądz;479;96;Podlaskie, powiat Moniecki, Goniądz
1294;;Grajewo;475;96;Podlaskie, powiat Grajewski, Grajewo
1295;;Jedwabne;478;96;Podlaskie, powiat Łomżyński, Jedwabne
1296;;Kolno;477;96;Podlaskie, powiat Kolneński, Kolno
1297;;Nowogród;478;96;Podlaskie, powiat Łomżyński, Nowogród
1298;;Rajgród;475;96;Podlaskie, powiat Grajewski, Rajgród
1299;;Stawiski;477;96;Podlaskie, powiat Kolneński, Stawiski
1300;;Szczuczyn;475;96;Podlaskie, powiat Grajewski, Szczuczyn
1301;;Wysokie Mazowieckie;484;96;Podlaskie, powiat Wysokomazowiecki, Wysokie Mazowieckie
1302;;Zambrów;485;96;Podlaskie, powiat Zambrowski, Zambrów
1303;;Łódź;469;96;Łódzkie, powiat Łódź, Łódź
1304;;Aleksandrów Łódzki;467;96;Łódzkie, powiat Zgierski, Aleksandrów Łódzki
1305;;Głowno;467;96;Łódzkie, powiat Zgierski, Głowno
1306;;Konstantynów Łódzki;455;96;Łódzkie, powiat Pabianicki, Konstantynów Łódzki
1307;;Ozorków;467;96;Łódzkie, powiat Zgierski, Ozorków
1308;;Pabianice;455;96;Łódzkie, powiat Pabianicki, Pabianice
1309;;Stryków;467;96;Łódzkie, powiat Zgierski, Stryków
1310;;Zgierz;467;96;Łódzkie, powiat Zgierski, Zgierz
1311;;Nowy Sącz;771;96;Małopolskie, powiat Nowy Sącz, Nowy Sącz
1312;;Gorlice;755;96;Małopolskie, powiat Gorlicki, Gorlice
1313;;Grybów;760;96;Małopolskie, powiat Nowosądecki, Grybów
1314;;Jordanów;765;96;Małopolskie, powiat Suski, Jordanów
1315;;Krynica-Zdrój;760;96;Małopolskie, powiat Nowosądecki, Krynica-Zdrój
1316;;Limanowa;757;96;Małopolskie, powiat Limanowski, Limanowa
1317;;Mszana Dolna;757;96;Małopolskie, powiat Limanowski, Mszana Dolna
1318;;Muszyna;760;96;Małopolskie, powiat Nowosądecki, Muszyna
1319;;Nowy Targ;761;96;Małopolskie, powiat Nowotarski, Nowy Targ
1320;;Piwniczna-Zdrój;760;96;Małopolskie, powiat Nowosądecki, Piwniczna-Zdrój
1321;;Rabka-Zdrój;761;96;Małopolskie, powiat Nowotarski, Rabka-Zdrój
1322;;Stary Sącz;760;96;Małopolskie, powiat Nowosądecki, Stary Sącz
1323;;Szczawnica;761;96;Małopolskie, powiat Nowotarski, Szczawnica
1324;;Zakopane;767;96;Małopolskie, powiat Tatrzański, Zakopane
1325;;Olsztyn;509;96;Warmińsko-Mazurskie, powiat Olsztyn, Olsztyn
1326;;Barczewo;502;96;Warmińsko-Mazurskie, powiat Olsztyński, Barczewo
1327;;Bartoszyce;489;96;Warmińsko-Mazurskie, powiat Bartoszycki, Bartoszyce
1328;;Biskupiec;502;96;Warmińsko-Mazurskie, powiat Olsztyński, Biskupiec
1329;;Bisztynek;489;96;Warmińsko-Mazurskie, powiat Bartoszycki, Bisztynek
1330;;Dobre Miasto;502;96;Warmińsko-Mazurskie, powiat Olsztyński, Dobre Miasto
1331;;Górowo Iławeckie;489;96;Warmińsko-Mazurskie, powiat Bartoszycki, Górowo Iławeckie
1332;;Iława;495;96;Warmińsko-Mazurskie, powiat Iławski, Iława
1333;;Jeziorany;502;96;Warmińsko-Mazurskie, powiat Olsztyński, Jeziorany
1334;;Kętrzyn;496;96;Warmińsko-Mazurskie, powiat Kętrzyński, Kętrzyn
1335;;Korsze;496;96;Warmińsko-Mazurskie, powiat Kętrzyński, Korsze
1336;;Lidzbark Warmiński;497;96;Warmińsko-Mazurskie, powiat Lidzbarski, Lidzbark Warmiński
1337;;Lubawa;495;96;Warmińsko-Mazurskie, powiat Iławski, Lubawa
1338;;Morąg;503;96;Warmińsko-Mazurskie, powiat Ostródzki, Morąg
1339;;Mrągowo;498;96;Warmińsko-Mazurskie, powiat Mrągowski, Mrągowo
1340;;Nidzica;499;96;Warmińsko-Mazurskie, powiat Nidzicki, Nidzica
1341;;Olsztynek;502;96;Warmińsko-Mazurskie, powiat Olsztyński, Olsztynek
1342;;Ostróda;503;96;Warmińsko-Mazurskie, powiat Ostródzki, Ostróda
1343;;Reszel;496;96;Warmińsko-Mazurskie, powiat Kętrzyński, Reszel
1344;;Sępopol;489;96;Warmińsko-Mazurskie, powiat Bartoszycki, Sępopol
1345;;Szczytno;505;96;Warmińsko-Mazurskie, powiat Szczycieński, Szczytno
1346;;Zalewo;495;96;Warmińsko-Mazurskie, powiat Iławski, Zalewo
1347;;Opole;521;96;Opolskie, powiat Opole, Opole
1348;;Baborów;511;96;Opolskie, powiat Głubczycki, Baborów
1349;;Biała;519;96;Opolskie, powiat Prudnicki, Biała
1350;;Brzeg;510;96;Opolskie, powiat Brzeski, Brzeg
1351;;Byczyna;513;96;Opolskie, powiat Kluczborski, Byczyna
1352;;Głogówek;519;96;Opolskie, powiat Prudnicki, Głogówek
1353;;Głubczyce;511;96;Opolskie, powiat Głubczycki, Głubczyce
1354;;Głuchołazy;516;96;Opolskie, powiat Nyski, Głuchołazy
1355;;Gogolin;514;96;Opolskie, powiat Krapkowicki, Gogolin
1356;;Grodków;510;96;Opolskie, powiat Brzeski, Grodków
1357;;Kędzierzyn-Koźle;512;96;Opolskie, powiat Kędzierzyńsko-Kozielski, Kędzierzyn-Koźle
1358;;Kietrz;511;96;Opolskie, powiat Głubczycki, Kietrz
1359;;Kluczbork;513;96;Opolskie, powiat Kluczborski, Kluczbork
1360;;Kolonowskie;520;96;Opolskie, powiat Strzelecki, Kolonowskie
1361;;Krapkowice;514;96;Opolskie, powiat Krapkowicki, Krapkowice
1362;;Leśnica;520;96;Opolskie, powiat Strzelecki, Leśnica
1363;;Lewin Brzeski;510;96;Opolskie, powiat Brzeski, Lewin Brzeski
1364;;Namysłów;515;96;Opolskie, powiat Namysłowski, Namysłów
1365;;Niemodlin;518;96;Opolskie, powiat Opolski, Niemodlin
1366;;Nysa;516;96;Opolskie, powiat Nyski, Nysa
1367;;Otmuchów;516;96;Opolskie, powiat Nyski, Otmuchów
1368;;Ozimek;518;96;Opolskie, powiat Opolski, Ozimek
1369;;Paczków;516;96;Opolskie, powiat Nyski, Paczków
1370;;Prudnik;519;96;Opolskie, powiat Prudnicki, Prudnik
1371;;Strzelce Opolskie;520;96;Opolskie, powiat Strzelecki, Strzelce Opolskie
1372;;Ujazd;520;96;Opolskie, powiat Strzelecki, Ujazd
1373;;Wołczyn;513;96;Opolskie, powiat Kluczborski, Wołczyn
1374;;Zawadzkie;520;96;Opolskie, powiat Strzelecki, Zawadzkie
1375;;Zdzieszowice;514;96;Opolskie, powiat Krapkowicki, Zdzieszowice
1376;;Ostrołęka;723;96;Mazowieckie, powiat Ostrołęka, Ostrołęka
1377;;Brok;701;96;Mazowieckie, powiat Ostrowski, Brok
1378;;Chorzele;707;96;Mazowieckie, powiat Przasnyski, Chorzele
1379;;Maków Mazowiecki;696;96;Mazowieckie, powiat Makowski, Maków Mazowiecki
1380;;Ostrów Mazowiecka;701;96;Mazowieckie, powiat Ostrowski, Ostrów Mazowiecka
1381;;Przasnysz;707;96;Mazowieckie, powiat Przasnyski, Przasnysz
1382;;Różan;696;96;Mazowieckie, powiat Makowski, Różan
1383;;Tłuszcz;718;96;Mazowieckie, powiat Wołomiński, Tłuszcz
1384;;Wyszków;719;96;Mazowieckie, powiat Wyszkowski, Wyszków
1385;;Piła;633;96;Wielkopolskie, powiat Pilski, Piła
1386;;Chodzież;615;96;Wielkopolskie, powiat Chodzieski, Chodzież
1387;;Czarnków;616;96;Wielkopolskie, powiat Czarnkowsko-Trzcianecki, Czarnków
1388;;Człopa;429;96;Zachodniopomorskie, powiat Wałecki, Człopa
1389;;Gołańcz;642;96;Wielkopolskie, powiat Wągrowiecki, Gołańcz
1390;;Jastrowie;645;96;Wielkopolskie, powiat Złotowski, Jastrowie
1391;;Krajenka;645;96;Wielkopolskie, powiat Złotowski, Krajenka
1392;;Krzyż Wielkopolski;616;96;Wielkopolskie, powiat Czarnkowsko-Trzcianecki, Krzyż Wielkopolski
1393;;Łobżenica;633;96;Wielkopolskie, powiat Pilski, Łobżenica
1394;;Margonin;615;96;Wielkopolskie, powiat Chodzieski, Margonin
1395;;Mirosławiec;429;96;Zachodniopomorskie, powiat Wałecki, Mirosławiec
1396;;Okonek;645;96;Wielkopolskie, powiat Złotowski, Okonek
1397;;Rogoźno;630;96;Wielkopolskie, powiat Obornicki, Rogoźno
1398;;Szamocin;615;96;Wielkopolskie, powiat Chodzieski, Szamocin
1399;;Trzcianka;616;96;Wielkopolskie, powiat Czarnkowsko-Trzcianecki, Trzcianka
1400;;Tuczno;429;96;Zachodniopomorskie, powiat Wałecki, Tuczno
1401;;Ujście;633;96;Wielkopolskie, powiat Pilski, Ujście
1402;;Wałcz;429;96;Zachodniopomorskie, powiat Wałecki, Wałcz
1403;;Wągrowiec;642;96;Wielkopolskie, powiat Wągrowiecki, Wągrowiec
1404;;Wieleń;616;96;Wielkopolskie, powiat Czarnkowsko-Trzcianecki, Wieleń
1405;;Wronki;638;96;Wielkopolskie, powiat Szamotulski, Wronki
1406;;Wyrzysk;633;96;Wielkopolskie, powiat Pilski, Wyrzysk
1407;;Wysoka;633;96;Wielkopolskie, powiat Pilski, Wysoka
1408;;Złotów;645;96;Wielkopolskie, powiat Złotowski, Złotów
1409;;Piotrków Trybunalski;470;96;Łódzkie, powiat Piotrków Trybunalski, Piotrków Trybunalski
1410;;Bełchatów;448;96;Łódzkie, powiat Bełchatowski, Bełchatów
1411;;Koluszki;453;96;Łódzkie, powiat Łódzki Wschodni, Koluszki
1412;;Opoczno;454;96;Łódzkie, powiat Opoczyński, Opoczno
1413;;Przedbórz;459;96;Łódzkie, powiat Radomszczański, Przedbórz
1414;;Radomsko;459;96;Łódzkie, powiat Radomszczański, Radomsko
1415;;Sulejów;457;96;Łódzkie, powiat Piotrkowski, Sulejów
1416;;Tomaszów Mazowiecki;463;96;Łódzkie, powiat Tomaszowski, Tomaszów Mazowiecki
1417;;Tuszyn;453;96;Łódzkie, powiat Łódzki Wschodni, Tuszyn
1418;;Zelów;448;96;Łódzkie, powiat Bełchatowski, Zelów
1419;;Płock;724;96;Mazowieckie, powiat Płock, Płock
1420;;Gąbin;704;96;Mazowieckie, powiat Płocki, Gąbin
1421;;Gostynin;689;96;Mazowieckie, powiat Gostyniński, Gostynin
1422;;Krośniewice;449;96;Łódzkie, powiat Kutnowski, Krośniewice
1423;;Kutno;449;96;Łódzkie, powiat Kutnowski, Kutno
1424;;Łęczyca;451;96;Łódzkie, powiat Łęczycki, Łęczyca
1425;;Sierpc;712;96;Mazowieckie, powiat Sierpecki, Sierpc
1426;;Wyszogród;704;96;Mazowieckie, powiat Płocki, Wyszogród
1427;;Żychlin;449;96;Łódzkie, powiat Kutnowski, Żychlin
1428;;Poznań;649;96;Wielkopolskie, powiat Poznań, Poznań
1429;;Buk;635;96;Wielkopolskie, powiat Poznański, Buk
1430;;Czempiń;625;96;Wielkopolskie, powiat Kościański, Czempiń
1431;;Czerniejewo;617;96;Wielkopolskie, powiat Gnieźnieński, Czerniejewo
1432;;Dolsk;640;96;Wielkopolskie, powiat Śremski, Dolsk
1433;;Gniezno;617;96;Wielkopolskie, powiat Gnieźnieński, Gniezno
1434;;Grodzisk Wielkopolski;619;96;Wielkopolskie, powiat Grodziski, Grodzisk Wielkopolski
1435;;Kłecko;617;96;Wielkopolskie, powiat Gnieźnieński, Kłecko
1436;;Kostrzyn;635;96;Wielkopolskie, powiat Poznański, Kostrzyn
1437;;Kórnik;635;96;Wielkopolskie, powiat Poznański, Kórnik
1438;;Książ Wielkopolski;640;96;Wielkopolskie, powiat Śremski, Książ Wielkopolski
1439;;Luboń;635;96;Wielkopolskie, powiat Poznański, Luboń
1440;;Lwówek;629;96;Wielkopolskie, powiat Nowotomyski, Lwówek
1441;;Miłosław;644;96;Wielkopolskie, powiat Wrzesiński, Miłosław
1442;;Mosina;635;96;Wielkopolskie, powiat Poznański, Mosina
1443;;Murowana Goślina;635;96;Wielkopolskie, powiat Poznański, Murowana Goślina
1444;;Nowy Tomyśl;629;96;Wielkopolskie, powiat Nowotomyski, Nowy Tomyśl
1445;;Oborniki;630;96;Wielkopolskie, powiat Obornicki, Oborniki
1446;;Obrzycko;638;96;Wielkopolskie, powiat Szamotulski, Obrzycko
1447;;Opalenica;629;96;Wielkopolskie, powiat Nowotomyski, Opalenica
1448;;Ostroróg;638;96;Wielkopolskie, powiat Szamotulski, Ostroróg
1449;;Pniewy;638;96;Wielkopolskie, powiat Szamotulski, Pniewy
1450;;Pobiedziska;635;96;Wielkopolskie, powiat Poznański, Pobiedziska
1451;;Puszczykowo;635;96;Wielkopolskie, powiat Poznański, Puszczykowo
1452;;Rakoniewice;619;96;Wielkopolskie, powiat Grodziski, Rakoniewice
1453;;Sieraków;628;96;Wielkopolskie, powiat Międzychodzki, Sieraków
1454;;Skoki;642;96;Wielkopolskie, powiat Wągrowiecki, Skoki
1455;;Stęszew;635;96;Wielkopolskie, powiat Poznański, Stęszew
1456;;Swarzędz;635;96;Wielkopolskie, powiat Poznański, Swarzędz
1457;;Szamotuły;638;96;Wielkopolskie, powiat Szamotulski, Szamotuły
1458;;Śrem;640;96;Wielkopolskie, powiat Śremski, Śrem
1459;;Środa Wielkopolska;639;96;Wielkopolskie, powiat Średzki, Środa Wielkopolska
1460;;Wielichowo;619;96;Wielkopolskie, powiat Grodziski, Wielichowo
1461;;Września;644;96;Wielkopolskie, powiat Wrzesiński, Września
1462;;Przemyśl;612;96;Podkarpackie, powiat Przemyśl, Przemyśl
1463;;Cieszanów;598;96;Podkarpackie, powiat Lubaczowski, Cieszanów
1464;;Dynów;605;96;Podkarpackie, powiat Rzeszowski, Dynów
1465;;Jarosław;593;96;Podkarpackie, powiat Jarosławski, Jarosław
1466;;Kańczuga;603;96;Podkarpackie, powiat Przeworski, Kańczuga
1467;;Lubaczów;598;96;Podkarpackie, powiat Lubaczowski, Lubaczów
1468;;Oleszyce;598;96;Podkarpackie, powiat Lubaczowski, Oleszyce
1469;;Przeworsk;603;96;Podkarpackie, powiat Przeworski, Przeworsk
1470;;Radymno;593;96;Podkarpackie, powiat Jarosławski, Radymno
1471;;Sieniawa;603;96;Podkarpackie, powiat Przeworski, Sieniawa
1472;;Radom;725;96;Mazowieckie, powiat Radom, Radom
1473;;Białobrzegi;686;96;Mazowieckie, powiat Białobrzeski, Białobrzegi
1474;;Drzewica;454;96;Łódzkie, powiat Opoczyński, Drzewica
1475;;Grójec;691;96;Mazowieckie, powiat Grójecki, Grójec
1476;;Iłża;710;96;Mazowieckie, powiat Radomski, Iłża
1477;;Kozienice;692;96;Mazowieckie, powiat Kozienicki, Kozienice
1478;;Lipsko;694;96;Mazowieckie, powiat Lipski, Lipsko
1479;;Mogielnica;691;96;Mazowieckie, powiat Grójecki, Mogielnica
1480;;Nowe Miasto nad Pilicą;691;96;Mazowieckie, powiat Grójecki, Nowe Miasto nad Pilicą
1481;;Pionki;710;96;Mazowieckie, powiat Radomski, Pionki
1482;;Przysucha;708;96;Mazowieckie, powiat Przysuski, Przysucha
1483;;Skaryszew;710;96;Mazowieckie, powiat Radomski, Skaryszew
1484;;Szydłowiec;715;96;Mazowieckie, powiat Szydłowiecki, Szydłowiec
1485;;Warka;691;96;Mazowieckie, powiat Grójecki, Warka
1486;;Wyśmierzyce;686;96;Mazowieckie, powiat Białobrzeski, Wyśmierzyce
1487;;Zwoleń;720;96;Mazowieckie, powiat Zwoleński, Zwoleń
1488;;Rzeszów;613;96;Podkarpackie, powiat Rzeszów, Rzeszów
1489;;Błażowa;605;96;Podkarpackie, powiat Rzeszowski, Błażowa
1490;;Głogów Małopolski;605;96;Podkarpackie, powiat Rzeszowski, Głogów Małopolski
1491;;Kolbuszowa;595;96;Podkarpackie, powiat Kolbuszowski, Kolbuszowa
1492;;Leżajsk;597;96;Podkarpackie, powiat Leżajski, Leżajsk
1493;;Łańcut;599;96;Podkarpackie, powiat Łańcucki, Łańcut
1494;;Mielec;600;96;Podkarpackie, powiat Mielecki, Mielec
1495;;Nowa Sarzyna;597;96;Podkarpackie, powiat Leżajski, Nowa Sarzyna
1496;;Ropczyce;604;96;Podkarpackie, powiat Ropczycko-Sędziszowski, Ropczyce
1497;;Sędziszów Małopolski;604;96;Podkarpackie, powiat Ropczycko-Sędziszowski, Sędziszów Małopolski
1498;;Sokołów Małopolski;605;96;Podkarpackie, powiat Rzeszowski, Sokołów Małopolski
1499;;Strzyżów;608;96;Podkarpackie, powiat Strzyżowski, Strzyżów
1500;;Tyczyn;605;96;Podkarpackie, powiat Rzeszowski, Tyczyn
1501;;Siedlce;726;96;Mazowieckie, powiat Siedlce, Siedlce
1502;;Garwolin;688;96;Mazowieckie, powiat Garwoliński, Garwolin
1503;;Kałuszyn;697;96;Mazowieckie, powiat Miński, Kałuszyn
1504;;Łaskarzew;688;96;Mazowieckie, powiat Garwoliński, Łaskarzew
1505;;Łochów;717;96;Mazowieckie, powiat Węgrowski, Łochów
1506;;Łuków;532;96;Lubelskie, powiat Łukowski, Łuków
1507;;Mińsk Mazowiecki;697;96;Mazowieckie, powiat Miński, Mińsk Mazowiecki
1508;;Mordy;711;96;Mazowieckie, powiat Siedlecki, Mordy
1509;;Pilawa;688;96;Mazowieckie, powiat Garwoliński, Pilawa
1510;;Sokołów Podlaski;714;96;Mazowieckie, powiat Sokołowski, Sokołów Podlaski
1511;;Stoczek Łukowski;532;96;Lubelskie, powiat Łukowski, Stoczek Łukowski
1512;;Węgrów;717;96;Mazowieckie, powiat Węgrowski, Węgrów
1513;;Żelechów;688;96;Mazowieckie, powiat Garwoliński, Żelechów
1514;;Sieradz;461;96;Łódzkie, powiat Sieradzki, Sieradz
1515;;Błaszki;461;96;Łódzkie, powiat Sieradzki, Błaszki
1516;;Łask;450;96;Łódzkie, powiat Łaski, Łask
1517;;Poddębice;458;96;Łódzkie, powiat Poddębicki, Poddębice
1518;;Szadek;466;96;Łódzkie, powiat Zduńskowolski, Szadek
1519;;Warta;461;96;Łódzkie, powiat Sieradzki, Warta
1520;;Wieluń;464;96;Łódzkie, powiat Wieluński, Wieluń
1521;;Zduńska Wola;466;96;Łódzkie, powiat Zduńskowolski, Zduńska Wola
1522;;Złoczew;461;96;Łódzkie, powiat Sieradzki, Złoczew
1523;;Skierniewice;471;96;Łódzkie, powiat Skierniewice, Skierniewice
1524;;Biała Rawska;460;96;Łódzkie, powiat Rawski, Biała Rawska
1525;;Brzeziny;468;96;Łódzkie, powiat Brzeziński, Brzeziny
1526;;Łowicz;452;96;Łódzkie, powiat Łowicki, Łowicz
1527;;Mszczonów;722;96;Mazowieckie, powiat Żyrardowski, Mszczonów
1528;;Rawa Mazowiecka;460;96;Łódzkie, powiat Rawski, Rawa Mazowiecka
1529;;Sochaczew;713;96;Mazowieckie, powiat Sochaczewski, Sochaczew
1530;;Żyrardów;722;96;Mazowieckie, powiat Żyrardowski, Żyrardów
1531;;Słupsk;791;96;Pomorskie, powiat Słupsk, Słupsk
1532;;Bytów;773;96;Pomorskie, powiat Bytowski, Bytów
1533;;Czarne;775;96;Pomorskie, powiat Człuchowski, Czarne
1534;;Człuchów;775;96;Pomorskie, powiat Człuchowski, Człuchów
1535;;Debrzno;775;96;Pomorskie, powiat Człuchowski, Debrzno
1536;;Kępice;784;96;Pomorskie, powiat Słupski, Kępice
1537;;Lębork;780;96;Pomorskie, powiat Lęborski, Lębork
1538;;Łeba;780;96;Pomorskie, powiat Lęborski, Łeba
1539;;Miastko;773;96;Pomorskie, powiat Bytowski, Miastko
1540;;Sławno;425;96;Zachodniopomorskie, powiat Sławieński, Sławno
1541;;Ustka;784;96;Pomorskie, powiat Słupski, Ustka
1542;;Suwałki;488;96;Podlaskie, powiat Suwałki, Suwałki
1543;;Augustów;472;96;Podlaskie, powiat Augustowski, Augustów
1544;;Biała Piska;504;96;Warmińsko-Mazurskie, powiat Piski, Biała Piska
1545;;Ełk;493;96;Warmińsko-Mazurskie, powiat Ełcki, Ełk
1546;;Giżycko;494;96;Warmińsko-Mazurskie, powiat Giżycki, Giżycko
1547;;Gołdap;506;96;Warmińsko-Mazurskie, powiat Gołdapski, Gołdap
1548;;Lipsk;472;96;Podlaskie, powiat Augustowski, Lipsk
1549;;Mikołajki;498;96;Warmińsko-Mazurskie, powiat Mrągowski, Mikołajki
1550;;Olecko;501;96;Warmińsko-Mazurskie, powiat Olecki, Olecko
1551;;Orzysz;504;96;Warmińsko-Mazurskie, powiat Piski, Orzysz
1552;;Pisz;504;96;Warmińsko-Mazurskie, powiat Piski, Pisz
1553;;Ruciane-Nida;504;96;Warmińsko-Mazurskie, powiat Piski, Ruciane-Nida
1554;;Ryn;494;96;Warmińsko-Mazurskie, powiat Giżycki, Ryn
1555;;Sejny;480;96;Podlaskie, powiat Sejneński, Sejny
1556;;Węgorzewo;507;96;Warmińsko-Mazurskie, powiat Węgorzewski, Węgorzewo
1557;;Szczecin;432;96;Zachodniopomorskie, powiat Szczecin, Szczecin
1558;;Cedynia;418;96;Zachodniopomorskie, powiat Gryfiński, Cedynia
1559;;Chociwel;426;96;Zachodniopomorskie, powiat Stargardzki, Chociwel
1560;;Chojna;418;96;Zachodniopomorskie, powiat Gryfiński, Chojna
1561;;Dobra;430;96;Zachodniopomorskie, powiat Łobeski, Dobra
1562;;Dobrzany;426;96;Zachodniopomorskie, powiat Stargardzki, Dobrzany
1563;;Golczewo;419;96;Zachodniopomorskie, powiat Kamieński, Golczewo
1564;;Goleniów;416;96;Zachodniopomorskie, powiat Goleniowski, Goleniów
1565;;Gryfice;417;96;Zachodniopomorskie, powiat Gryficki, Gryfice
1566;;Gryfino;418;96;Zachodniopomorskie, powiat Gryfiński, Gryfino
1567;;Ińsko;426;96;Zachodniopomorskie, powiat Stargardzki, Ińsko
1568;;Kamień Pomorski;419;96;Zachodniopomorskie, powiat Kamieński, Kamień Pomorski
1569;;Lipiany;424;96;Zachodniopomorskie, powiat Pyrzycki, Lipiany
1570;;Łobez;430;96;Zachodniopomorskie, powiat Łobeski, Łobez
1571;;Maszewo;416;96;Zachodniopomorskie, powiat Goleniowski, Maszewo
1572;;Mieszkowice;418;96;Zachodniopomorskie, powiat Gryfiński, Mieszkowice
1573;;Międzyzdroje;419;96;Zachodniopomorskie, powiat Kamieński, Międzyzdroje
1574;;Moryń;418;96;Zachodniopomorskie, powiat Gryfiński, Moryń
1575;;Nowe Warpno;423;96;Zachodniopomorskie, powiat Policki, Nowe Warpno
1576;;Nowogard;416;96;Zachodniopomorskie, powiat Goleniowski, Nowogard
1577;;Płoty;417;96;Zachodniopomorskie, powiat Gryficki, Płoty
1578;;Police;423;96;Zachodniopomorskie, powiat Policki, Police
1579;;Pyrzyce;424;96;Zachodniopomorskie, powiat Pyrzycki, Pyrzyce
1580;;Resko;430;96;Zachodniopomorskie, powiat Łobeski, Resko
1581;;Stargard;426;96;Zachodniopomorskie, powiat Stargardzki, Stargard
1582;;Suchań;426;96;Zachodniopomorskie, powiat Stargardzki, Suchań
1583;;Świnoujście;433;96;Zachodniopomorskie, powiat Świnoujście, Świnoujście
1584;;Trzcińsko-Zdrój;418;96;Zachodniopomorskie, powiat Gryfiński, Trzcińsko-Zdrój
1585;;Trzebiatów;417;96;Zachodniopomorskie, powiat Gryficki, Trzebiatów
1586;;Węgorzyno;430;96;Zachodniopomorskie, powiat Łobeski, Węgorzyno
1587;;Wolin;419;96;Zachodniopomorskie, powiat Kamieński, Wolin
1588;;Tarnobrzeg;614;96;Podkarpackie, powiat Tarnobrzeg, Tarnobrzeg
1589;;Baranów Sandomierski;609;96;Podkarpackie, powiat Tarnobrzeski, Baranów Sandomierski
1590;;Ćmielów;582;96;Świętokrzyskie, powiat Ostrowiecki, Ćmielów
1591;;Janów Lubelski;526;96;Lubelskie, powiat Janowski, Janów Lubelski
1592;;Nisko;601;96;Podkarpackie, powiat Niżański, Nisko
1593;;Nowa Dęba;609;96;Podkarpackie, powiat Tarnobrzeski, Nowa Dęba
1594;;Opatów;581;96;Świętokrzyskie, powiat Opatowski, Opatów
1595;;Ożarów;581;96;Świętokrzyskie, powiat Opatowski, Ożarów
1596;;Połaniec;587;96;Świętokrzyskie, powiat Staszowski, Połaniec
1597;;Rudnik nad Sanem;601;96;Podkarpackie, powiat Niżański, Rudnik nad Sanem
1598;;Sandomierz;584;96;Świętokrzyskie, powiat Sandomierski, Sandomierz
1599;;Stalowa Wola;607;96;Podkarpackie, powiat Stalowowolski, Stalowa Wola
1600;;Staszów;587;96;Świętokrzyskie, powiat Staszowski, Staszów
1601;;Ulanów;601;96;Podkarpackie, powiat Niżański, Ulanów
1602;;Zawichost;584;96;Świętokrzyskie, powiat Sandomierski, Zawichost
1603;;Tarnów;772;96;Małopolskie, powiat Tarnów, Tarnów
1604;;Bochnia;751;96;Małopolskie, powiat Bocheński, Bochnia
1605;;Brzesko;752;96;Małopolskie, powiat Brzeski, Brzesko
1606;;Dąbrowa Tarnowska;754;96;Małopolskie, powiat Dąbrowski, Dąbrowa Tarnowska
1607;;Dębica;592;96;Podkarpackie, powiat Dębicki, Dębica
1608;;Pilzno;592;96;Podkarpackie, powiat Dębicki, Pilzno
1609;;Radomyśl Wielki;600;96;Podkarpackie, powiat Mielecki, Radomyśl Wielki
1610;;Tuchów;766;96;Małopolskie, powiat Tarnowski, Tuchów
1611;;Żabno;766;96;Małopolskie, powiat Tarnowski, Żabno
1612;;Toruń;749;96;Kujawsko-Pomorskie, powiat Toruń, Toruń
1613;;Brodnica;729;96;Kujawsko-Pomorskie, powiat Brodnicki, Brodnica
1614;;Chełmno;731;96;Kujawsko-Pomorskie, powiat Chełmiński, Chełmno
1615;;Chełmża;742;96;Kujawsko-Pomorskie, powiat Toruński, Chełmża
1616;;Golub-Dobrzyń;732;96;Kujawsko-Pomorskie, powiat Golubsko-Dobrzyński, Golub-Dobrzyń
1617;;Górzno;729;96;Kujawsko-Pomorskie, powiat Brodnicki, Górzno
1618;;Grudziądz;748;96;Kujawsko-Pomorskie, powiat Grudziądz, Grudziądz
1619;;Jabłonowo Pomorskie;729;96;Kujawsko-Pomorskie, powiat Brodnicki, Jabłonowo Pomorskie
1620;;Kowalewo Pomorskie;732;96;Kujawsko-Pomorskie, powiat Golubsko-Dobrzyński, Kowalewo Pomorskie
1621;;Łasin;733;96;Kujawsko-Pomorskie, powiat Grudziądzki, Łasin
1622;;Nowe Miasto Lubawskie;500;96;Warmińsko-Mazurskie, powiat Nowomiejski, Nowe Miasto Lubawskie
1623;;Radzyń Chełmiński;733;96;Kujawsko-Pomorskie, powiat Grudziądzki, Radzyń Chełmiński
1624;;Wąbrzeźno;744;96;Kujawsko-Pomorskie, powiat Wąbrzeski, Wąbrzeźno
1625;;Wałbrzych;575;96;Dolnośląskie, powiat Wałbrzych, Wałbrzych
1626;;Bardo;569;96;Dolnośląskie, powiat Ząbkowicki, Bardo
1627;;Bielawa;547;96;Dolnośląskie, powiat Dzierżoniowski, Bielawa
1628;;Boguszów-Gorce;566;96;Dolnośląskie, powiat Wałbrzyski, Boguszów-Gorce
1629;;Bystrzyca Kłodzka;553;96;Dolnośląskie, powiat Kłodzki, Bystrzyca Kłodzka
1630;;Duszniki-Zdrój;553;96;Dolnośląskie, powiat Kłodzki, Duszniki-Zdrój
1631;;Dzierżoniów;547;96;Dolnośląskie, powiat Dzierżoniowski, Dzierżoniów
1632;;Głuszyca;566;96;Dolnośląskie, powiat Wałbrzyski, Głuszyca
1633;;Jaworzyna Śląska;564;96;Dolnośląskie, powiat Świdnicki, Jaworzyna Śląska
1634;;Jedlina-Zdrój;566;96;Dolnośląskie, powiat Wałbrzyski, Jedlina-Zdrój
1635;;Kłodzko;553;96;Dolnośląskie, powiat Kłodzki, Kłodzko
1636;;Kudowa-Zdrój;553;96;Dolnośląskie, powiat Kłodzki, Kudowa-Zdrój
1637;;Lądek-Zdrój;553;96;Dolnośląskie, powiat Kłodzki, Lądek-Zdrój
1638;;Mieroszów;566;96;Dolnośląskie, powiat Wałbrzyski, Mieroszów
1639;;Międzylesie;553;96;Dolnośląskie, powiat Kłodzki, Międzylesie
1640;;Niemcza;547;96;Dolnośląskie, powiat Dzierżoniowski, Niemcza
1641;;Nowa Ruda;553;96;Dolnośląskie, powiat Kłodzki, Nowa Ruda
1642;;Pieszyce;547;96;Dolnośląskie, powiat Dzierżoniowski, Pieszyce
1643;;Piława Górna;547;96;Dolnośląskie, powiat Dzierżoniowski, Piława Górna
1644;;Polanica-Zdrój;553;96;Dolnośląskie, powiat Kłodzki, Polanica-Zdrój
1645;;Radków;553;96;Dolnośląskie, powiat Kłodzki, Radków
1646;;Stronie Śląskie;553;96;Dolnośląskie, powiat Kłodzki, Stronie Śląskie
1647;;Strzegom;564;96;Dolnośląskie, powiat Świdnicki, Strzegom
1648;;Szczawno-Zdrój;566;96;Dolnośląskie, powiat Wałbrzyski, Szczawno-Zdrój
1649;;Szczytna;553;96;Dolnośląskie, powiat Kłodzki, Szczytna
1650;;Świdnica;564;96;Dolnośląskie, powiat Świdnicki, Świdnica
1651;;Świebodzice;564;96;Dolnośląskie, powiat Świdnicki, Świebodzice
1652;;Ząbkowice Śląskie;569;96;Dolnośląskie, powiat Ząbkowicki, Ząbkowice Śląskie
1653;;Ziębice;569;96;Dolnośląskie, powiat Ząbkowicki, Ziębice
1654;;Złoty Stok;569;96;Dolnośląskie, powiat Ząbkowicki, Złoty Stok
1655;;Żarów;564;96;Dolnośląskie, powiat Świdnicki, Żarów
1656;;Włocławek;750;96;Kujawsko-Pomorskie, powiat Włocławek, Włocławek
1657;;Aleksandrów Kujawski;728;96;Kujawsko-Pomorskie, powiat Aleksandrowski, Aleksandrów Kujawski
1658;;Brześć Kujawski;745;96;Kujawsko-Pomorskie, powiat Włocławski, Brześć Kujawski
1659;;Chodecz;745;96;Kujawsko-Pomorskie, powiat Włocławski, Chodecz
1660;;Ciechocinek;728;96;Kujawsko-Pomorskie, powiat Aleksandrowski, Ciechocinek
1661;;Dobrzyń nad Wisłą;735;96;Kujawsko-Pomorskie, powiat Lipnowski, Dobrzyń nad Wisłą
1662;;Izbica Kujawska;745;96;Kujawsko-Pomorskie, powiat Włocławski, Izbica Kujawska
1663;;Kowal;745;96;Kujawsko-Pomorskie, powiat Włocławski, Kowal
1664;;Lipno;735;96;Kujawsko-Pomorskie, powiat Lipnowski, Lipno
1665;;Lubień Kujawski;745;96;Kujawsko-Pomorskie, powiat Włocławski, Lubień Kujawski
1666;;Lubraniec;745;96;Kujawsko-Pomorskie, powiat Włocławski, Lubraniec
1667;;Nieszawa;728;96;Kujawsko-Pomorskie, powiat Aleksandrowski, Nieszawa
1668;;Radziejów;738;96;Kujawsko-Pomorskie, powiat Radziejowski, Radziejów
1669;;Rypin;739;96;Kujawsko-Pomorskie, powiat Rypiński, Rypin
1670;;Wrocław;574;96;Dolnośląskie, powiat Wrocław, Wrocław
1671;;Bierutów;559;96;Dolnośląskie, powiat Oleśnicki, Bierutów
1672;;Brzeg Dolny;567;96;Dolnośląskie, powiat Wołowski, Brzeg Dolny
1673;;Jelcz-Laskowice;560;96;Dolnośląskie, powiat Oławski, Jelcz-Laskowice
1674;;Kąty Wrocławskie;568;96;Dolnośląskie, powiat Wrocławski, Kąty Wrocławskie
1675;;Milicz;558;96;Dolnośląskie, powiat Milicki, Milicz
1676;;Oborniki Śląskie;565;96;Dolnośląskie, powiat Trzebnicki, Oborniki Śląskie
1677;;Oleśnica;559;96;Dolnośląskie, powiat Oleśnicki, Oleśnica
1678;;Oława;560;96;Dolnośląskie, powiat Oławski, Oława
1679;;Sobótka;568;96;Dolnośląskie, powiat Wrocławski, Sobótka
1680;;Strzelin;562;96;Dolnośląskie, powiat Strzeliński, Strzelin
1681;;Środa Śląska;563;96;Dolnośląskie, powiat Średzki, Środa Śląska
1682;;Trzebnica;565;96;Dolnośląskie, powiat Trzebnicki, Trzebnica
1683;;Twardogóra;559;96;Dolnośląskie, powiat Oleśnicki, Twardogóra
1684;;Wiązów;562;96;Dolnośląskie, powiat Strzeliński, Wiązów
1685;;Wołów;567;96;Dolnośląskie, powiat Wołowski, Wołów
1686;;Żmigród;565;96;Dolnośląskie, powiat Trzebnicki, Żmigród
1687;;Zamość;545;96;Lubelskie, powiat Zamość, Zamość
1688;;Biłgoraj;523;96;Lubelskie, powiat Biłgorajski, Biłgoraj
1689;;Hrubieszów;525;96;Lubelskie, powiat Hrubieszowski, Hrubieszów
1690;;Józefów;523;96;Lubelskie, powiat Biłgorajski, Józefów
1691;;Szczebrzeszyn;541;96;Lubelskie, powiat Zamojski, Szczebrzeszyn
1692;;Tarnogród;523;96;Lubelskie, powiat Biłgorajski, Tarnogród
1693;;Tomaszów Lubelski;539;96;Lubelskie, powiat Tomaszowski, Tomaszów Lubelski
1694;;Zwierzyniec;541;96;Lubelskie, powiat Zamojski, Zwierzyniec
1695;;Zielona Góra;447;96;Lubuskie, powiat Zielona Góra, Zielona Góra
1696;;Babimost;442;96;Lubuskie, powiat Zielonogórski, Babimost
1697;;Bytom Odrzański;437;96;Lubuskie, powiat Nowosolski, Bytom Odrzański
1698;;Cybinka;438;96;Lubuskie, powiat Słubicki, Cybinka
1699;;Czerwieńsk;442;96;Lubuskie, powiat Zielonogórski, Czerwieńsk
1700;;Gozdnica;443;96;Lubuskie, powiat Żagański, Gozdnica
1701;;Gubin;435;96;Lubuskie, powiat Krośnieński, Gubin
1702;;Iłowa;443;96;Lubuskie, powiat Żagański, Iłowa
1703;;Jasień;444;96;Lubuskie, powiat Żarski, Jasień
1704;;Kargowa;442;96;Lubuskie, powiat Zielonogórski, Kargowa
1705;;Kożuchów;437;96;Lubuskie, powiat Nowosolski, Kożuchów
1706;;Krosno Odrzańskie;435;96;Lubuskie, powiat Krośnieński, Krosno Odrzańskie
1707;;Lubsko;444;96;Lubuskie, powiat Żarski, Lubsko
1708;;Łęknica;444;96;Lubuskie, powiat Żarski, Łęknica
1709;;Małomice;443;96;Lubuskie, powiat Żagański, Małomice
1710;;Nowa Sól;437;96;Lubuskie, powiat Nowosolski, Nowa Sól
1711;;Nowe Miasteczko;437;96;Lubuskie, powiat Nowosolski, Nowe Miasteczko
1712;;Nowogród Bobrzański;442;96;Lubuskie, powiat Zielonogórski, Nowogród Bobrzański
1713;;Sława;445;96;Lubuskie, powiat Wschowski, Sława
1714;;Sulechów;442;96;Lubuskie, powiat Zielonogórski, Sulechów
1715;;Szprotawa;443;96;Lubuskie, powiat Żagański, Szprotawa
1716;;Świebodzin;441;96;Lubuskie, powiat Świebodziński, Świebodzin
1717;;Wolsztyn;643;96;Wielkopolskie, powiat Wolsztyński, Wolsztyn
1718;;Zbąszynek;441;96;Lubuskie, powiat Świebodziński, Zbąszynek
1719;;Zbąszyń;629;96;Wielkopolskie, powiat Nowotomyski, Zbąszyń
1720;;Żagań;443;96;Lubuskie, powiat Żagański, Żagań
1721;;Żary;444;96;Lubuskie, powiat Żarski, Żary
1722;;Borne Sulinowo;427;96;Zachodniopomorskie, powiat Szczecinecki, Borne Sulinowo
1723;;Mokotów;883;95;Mokotów
1724;;Ochota;883;95;Mazowieckie, powiat Warszawa, Warszawa, Ochota
1725;;Ursus;883;95;Mazowieckie, powiat Warszawa, Warszawa, Ursus
1726;;Praga-Południe;883;95;Mazowieckie, powiat Warszawa, Warszawa, Praga-Południe
1727;;Praga-Północ;883;95;Mazowieckie, powiat Warszawa, Warszawa, Praga-Północ
1795;;Rokietnica;635;103;Wielkopolskie, powiat Poznański, Rokietnica
1728;;Śródmieście;883;95;Mazowieckie, powiat Warszawa, Warszawa, Śródmieście
1729;;Wola;883;95;Mazowieckie, powiat Warszawa, Warszawa, Wola
1730;;Żoliborz;883;95;Mazowieckie, powiat Warszawa, Warszawa, Żoliborz
1731;;Wesoła;883;95;Mazowieckie, powiat Warszawa, Warszawa, Wesoła
1732;;Bemowo;883;95;Mazowieckie, powiat Warszawa, Warszawa, Bemowo
1733;;Białołęka;883;95;Mazowieckie, powiat Warszawa, Warszawa, Białołęka
1734;;Bielany;883;95;Mazowieckie, powiat Warszawa, Warszawa, Bielany
1735;;Rembertów;883;95;Mazowieckie, powiat Warszawa, Warszawa, Rembertów
1736;;Targówek;883;95;Mazowieckie, powiat Warszawa, Warszawa, Targówek
1737;;Ursynów;883;95;Mazowieckie, powiat Warszawa, Warszawa, Ursynów
1738;;Wawer;883;95;Mazowieckie, powiat Warszawa, Warszawa, Wawer
1739;;Wilanów;883;95;Mazowieckie, powiat Warszawa, Warszawa, Wilanów
1740;;Włochy;883;95;Mazowieckie, powiat Warszawa, Warszawa, Włochy
1741;;Krowodrza;1221;98;Krowodrza
1742;;Nowa Huta;1221;98;Małopolskie, powiat Kraków, Kraków, Nowa Huta
1743;;Podgórze;1221;98;Małopolskie, powiat Kraków, Kraków, Podgórze
1744;;Śródmieście;1221;98;Małopolskie, powiat Kraków, Kraków, Śródmieście
1745;;Bałuty;1303;98;Bałuty
1746;;Górna;1303;98;Łódzkie, powiat Łódź, Łódź, Górna
1747;;Polesie;1303;98;Łódzkie, powiat Łódź, Łódź, Polesie
1748;;Śródmieście;1303;98;Łódzkie, powiat Łódź, Łódź, Śródmieście
1749;;Widzew;1303;98;Łódzkie, powiat Łódź, Łódź, Widzew
1788;;Nowa Wola;703;1;Mazowieckie, powiat Piaseczyński, Nowa Wola
1751;;Jeżyce;1428;98;Wielkopolskie, powiat Poznań, Poznań, Jeżyce
1752;;Nowe Miasto;1428;98;Wielkopolskie, powiat Poznań, Poznań, Nowe Miasto
1753;;Stare Miasto;1428;98;Wielkopolskie, powiat Poznań, Poznań, Stare Miasto
1754;;Wilda;1428;98;Wielkopolskie, powiat Poznań, Poznań, Wilda
1755;;Fabryczna;1670;98;Fabryczna
1756;;Krzyki;1670;98;Dolnośląskie, powiat Wrocław, Wrocław, Krzyki
1757;;Psie Pole;1670;98;Dolnośląskie, powiat Wrocław, Wrocław, Psie Pole
1758;;Stare Miasto;1670;98;Dolnośląskie, powiat Wrocław, Wrocław, Stare Miasto
1759;;Śródmieście;1670;98;Dolnośląskie, powiat Wrocław, Wrocław, Śródmieście
1760;;Józefosław;703;96;Mazowieckie, powiat Piaseczyński, Józefosław
1761;;Walendów;706;1;Mazowieckie, powiat Pruszkowski, Walendów
1762;;Biedrusko;635;1;Wielkopolskie, powiat Poznański, Biedrusko
1763;;Wysoka;568;1;Dolnośląskie, powiat Wrocławski, Wysoka
1764;;Dobrzykowice;568;1;Dolnośląskie, powiat Wrocławski, Dobrzykowice
1765;;Podgórze Duchackie;1221;99;Małopolskie, powiat Kraków, Kraków, Podgórze Duchackie
1766;;Prądnik Biały;1221;99;Małopolskie, powiat Kraków, Kraków, Prądnik Biały
1767;;Bieńczyce;1221;99;Małopolskie, powiat Kraków, Kraków, Bieńczyce
1768;;Prądnik Czerwony;1221;99;Małopolskie, powiat Kraków, Kraków, Prądnik Czerwony
1769;;Grzegórzki;1221;99;Małopolskie, powiat Kraków, Kraków, Grzegórzki
1770;;Mistrzejowice;1221;99;Małopolskie, powiat Kraków, Kraków, Mistrzejowice
1771;;Bieżanów-Prokocim;1221;99;Małopolskie, powiat Kraków, Kraków, Bieżanów-Prokocim
1772;;Dębniki;1221;99;Małopolskie, powiat Kraków, Kraków, Dębniki
1773;;Stare Miasto;1221;99;Małopolskie, powiat Kraków, Kraków, Stare Miasto
1774;;Krowodrza;1221;99;Małopolskie, powiat Kraków, Kraków, Krowodrza
1775;;Czyżyny;1221;99;Małopolskie, powiat Kraków, Kraków, Czyżyny
1776;;Wzgórza Krzesławickie;1221;99;Małopolskie, powiat Kraków, Kraków, Wzgórza Krzesławickie
1777;;Bronowice;1221;99;Małopolskie, powiat Kraków, Kraków, Bronowice
1778;;Mokotów;883;95;Mazowieckie, powiat Warszawa, Warszawa, Mokotów
1779;;Zwierzyniec;1221;99;Małopolskie, powiat Kraków, Kraków, Zwierzyniec
1780;;Polska;;100;Polska
397;32;Zachodniopomorskie;1780;101;Zachodniopomorskie
399;10;Łódzkie;1780;101;Łódzkie
400;20;Podlaskie;1780;101;Podlaskie
401;28;Warmińsko-Mazurskie;1780;101;Warmińsko-Mazurskie
402;16;Opolskie;1780;101;Opolskie
403;06;Lubelskie;1780;101;Lubelskie
404;02;Dolnośląskie;1780;101;Dolnośląskie
405;26;Świętokrzyskie;1780;101;Świętokrzyskie
406;18;Podkarpackie;1780;101;Podkarpackie
407;30;Wielkopolskie;1780;101;Wielkopolskie
408;24;Śląskie;1780;101;Śląskie
409;14;Mazowieckie;1780;101;Mazowieckie
410;04;Kujawsko-Pomorskie;1780;101;Kujawsko-Pomorskie
411;12;Małopolskie;1780;101;Małopolskie
412;22;Pomorskie;1780;101;Pomorskie
1781;;Kamieniec Wrocławski;568;96;Dolnośląskie, powiat Wrocławski, Kamieniec Wrocławski
1782;;Kruszewnia;635;1;Wielkopolskie, powiat Poznański, Kruszewnia
1783;;Zalasewo;635;96;Wielkopolskie, powiat Poznański, Zalasewo
1784;;Oliwa;1027;99;Pomorskie, powiat Gdańsk, Gdańsk, Oliwa
1785;;Rataje;1428;99;Wielkopolskie, powiat Poznań, Poznań, Rataje
1786;;Julianów;703;1;Mazowieckie, powiat Piaseczyński, Julianów
1787;;Rokitki;554;1;Dolnośląskie, powiat Legnicki, Rokitki
1750;;Grunwald;1428;98;Wielkopolskie, powiat Poznań, Poznań, Grunwald
1789;;Kiełczów;568;1;Dolnośląskie, powiat Wrocławski, Kiełczów
1790;;Dzielnica IX Łagiewniki-Borek Fałęcki;1221;99;Małopolskie, powiat Kraków, Kraków, Dzielnica IX Łagiewniki-Borek Fałęcki
1791;;Swoszowice;1221;99;Małopolskie, powiat Kraków, Kraków, Swoszowice
1792;;Nowe Tarnowo;1430;1;Wielkopolskie, powiat Kościański, Czempiń, Nowe Tarnowo
1793;;Warzymice;423;96;Zachodniopomorskie, powiat Policki, Warzymice
1794;;Rogowo;417;96;Zachodniopomorskie, powiat Gryficki, Rogowo
1796;;Paniówki;654;1;Śląskie, powiat Gliwicki, Paniówki
1797;;Falenty Nowe;706;1;Mazowieckie, powiat Pruszkowski, Falenty Nowe
1798;;Wielka Wieś;635;1;Wielkopolskie, powiat Poznański, Wielka Wieś
